No,인증구분,인증기관,건물구분,건물용도,지역,주소,건물명,신청업체명,연면적,인증등급,인증일자,인증취소일자
1,예비인증,한국생산성본부인증원,주거용 이외,문화 및 집회시설,강원,"강원특별자치도 평창군 평창읍 중리 일반 172, 외 5필지",평창 작은영화관,평창군청,884.35,4,2025.11.20,-
2,예비인증,한국녹색기후기술원,주거용 이외,국방·군사시설,강원,"강원특별자치도 홍천군 남면 양덕원리 297, ",강원도 홍천군 군부대 모듈러 간부숙소,국방시설본부,1421.13,3,2025.11.20,-
3,예비인증,한국녹색기후기술원,주거용 이외,국방·군사시설,강원,"강원특별자치도 화천군 상서면 신풍리 132, ",강원도 화천군 군부대 모듈러 간부숙소,국방시설본부,4268.61,3,2025.11.20,-
4,예비인증,한국환경건축연구원,주거용 이외,국방·군사시설,강원,"강원특별자치도 강릉시 월호평동  311, 0",작전차량운영중대 행정시설 및 생활관,국방시설본부,1308.60,5,2025.11.20,-
5,예비인증,한국환경건축연구원,주거용 이외,교육연구시설,경북,"경상북도 김천시 개령면 덕촌리 일반 490, 일원",K-드론지원센터(본관동),김천시청,2860.23,3,2025.11.20,-
6,예비인증,한국건설생활환경시험연구원,주거용 이외,제1종 근린생활시설,충남,충남 부여군 초촌면 초촌로 15,초촌면 행정복지센터,충청남도 부여군,973.59,4,2025.11.20,-
7,예비인증,한국녹색기후기술원,주거용 이외,창고시설,울산,"울산광역시 울주군 삼남읍 상천리 일반 463-1, 외 1필지",먹거리통합지원센터,울주군청,2108.64,3,2025.11.20,-
8,예비인증,한국녹색기후기술원,주거용,공동주택,경기,경기 부천시 원미구 삼작로280번길 35,도당동 동아아파트 가로주택정비사업,도당동 동아아파트  가로주택정비사업조합,13291.28,5,2025.11.20,-
9,예비인증,한국녹색기후기술원,주거용 이외,제2종 근린생활시설,대구,대구 달서구 달구벌대로 1621,감삼동  대호빌딩 신축공사,주식회사 국영피앤디,5338.36,5,2025.11.19,-
10,예비인증,한국환경건축연구원,주거용 이외,노유자시설,서울,서울 서초구 도구로7길 9,서울시 서초구 사회복지시설,방배5구역주택재건축정비사업조합,975.91,5,2025.11.19,-
11,본인증,한국환경건축연구원,주거용 이외,노유자시설,경남,"경상남도 거제시 장승포동  일반 561-3, ",장승포동 다어울림 행복문화센터,거제시청,1405.64,5,2025.11.18,-
12,예비인증,한국환경건축연구원,주거용 이외,제1종 근린생활시설,경남,"경상남도 창원시  마산회원구 합성동  일반 74-14, 일원",합성Link센터,창원시청,805.83,5,2025.11.18,-
13,예비인증,한국녹색기후기술원,주거용 이외,교육연구시설,전남,전남 무안군 무안읍 교촌길 38,무안북중학교,담양배움터 주식회사,4243.34,4,2025.11.18,-
14,예비인증,한국환경건축연구원,주거용 이외,교육연구시설,경기,"경기도 용인시  처인구 남동  산 126-29, (가칭)남동1초등학교",(가칭)남동1초등학교 신축공사 설계용역,용인교육지원청,9936.01,4,2025.11.18,-
15,예비인증,한국생산성본부인증원,주거용 이외,제1종 근린생활시설,경기,"경기도 오산시 청학동  369-2, ",오산소방서 청학119안전센터,경기도소방재난본부,992.98,4,2025.11.18,-
16,예비인증,한국부동산원,주거용,"임대주택(영구, 국민, 공공)",제주,"제주특별자치도 제주시 건입동  일반 1045-1, 번지",마음에온 건입2차 통합공공임대주택,제주특별자치도개발공사,3971.4482,5,2025.11.18,-
17,예비인증,한국부동산원,주거용,"임대주택(영구, 국민, 공공)",제주,"제주특별자치도 서귀포시 동홍동  일반 529-1, ",마음에온 동홍 1차 통합공공임대주택,제주특별자치도개발공사,2793.9301,5,2025.11.18,-
18,예비인증,한국건설생활환경시험연구원,주거용,공동주택,경기,"경기도 수원시  권선구 금곡동 , 일원",수원당수 B-3BL 공공주택  건설공사,한국토지주택공사,62781.70,5,2025.11.18,-
19,본인증,한국환경건축연구원,주거용 이외,교육연구시설,경남,경남 거제시 일운면 지세포로 74,일운초등학교 본관동,거제교육지원청,1871.52,4,2025.11.17,-
20,본인증,한국녹색기후기술원,주거용 이외,교육연구시설,부산,부산 기장군 일광읍 일역길 75-31,일광도서관,부산광역시 기장군,3031.60,5,2025.11.17,-
21,예비인증,한국녹색기후기술원,주거용 이외,수련시설,전북,"전북특별자치도 전주시  완산구 평화동1가  500-6, 일원",평화 1동 복합커뮤니티센터,전주시 완산구청,6125.14,3,2025.11.17,-
22,예비인증,한국녹색기후기술원,주거용 이외,노유자시설,전북,"전북특별자치도 익산시 월성동  일반 324-1, 일원",익산시 발달장애인 평생교육센터,익산시청,2587.15,4,2025.11.17,-
23,예비인증,한국환경건축연구원,주거용 이외,국방·군사시설,강원,"강원특별자치도 철원군 철원읍 산명리, 1561 외 2필지",5사단 27-3대대 12소초 생활관 신축,국방시설본부,779.67,5,2025.11.17,-
24,예비인증,한국생산성본부인증원,주거용 이외,제1종 근린생활시설,경남,"경상남도 통영시 용남면 장평리 일반 127, 외 5필지",견유어울림문화센터,한국농어촌공사 고성통영거제지사,863.93,5,2025.11.17,-
25,예비인증,한국교육녹색환경연구원,주거용 이외,공장,충북,"충청북도 영동군 용산면 한곡리 일반 558, ",고순도 일라이트 지원센터,영동군청,1495.41,5,2025.11.17,-
26,예비인증,한국환경건축연구원,주거용 이외,국방·군사시설,경기,"경기도 연천군 신서면 덕산리, 산3",5사단 36-2대대 6소초 생활관 신축,국방시설본부,778.45,5,2025.11.17,-
27,예비인증,한국환경건축연구원,주거용 이외,국방·군사시설,경기,"경기도 연천군 신서면 신현리, 산11 외 1필지",5사단 36-2대대 4소초 생활관 신축,국방시설본부,779.63,5,2025.11.17,-
28,예비인증,한국환경건축연구원,주거용 이외,국방·군사시설,제주,"제주특별자치도 제주시 오등동 , 328-1  외 2필지",특전사 제주신속대응부대 실내체육관,국방시설본부,1449.41,5,2025.11.14,-
29,예비인증,한국생산성본부인증원,주거용 이외,국방·군사시설,전남,"전라남도 순천시 별량면 운천리 일반 32-1, 외 278필지",2작전사 31사단 95여단 2대대 행정동,국방시설본부,1199.61,4,2025.11.14,-
30,예비인증,한국환경건축연구원,주거용 이외,업무시설,인천,인천 부평구 부흥로328번길 24,부평동 240-1 오피스텔,(주)태성산업개발,9451.9983,4,2025.11.14,-
31,예비인증,한국녹색기후기술원,주거용 이외,교육연구시설,서울,"서울특별시 성북구 장위동  일반 69-36, 일원",장위동 문화공원 도서관[가칭],장위10구역주택재개발정비사업조합,3535.82,4,2025.11.14,-
32,본인증,한국녹색기후기술원,주거용 이외,운동시설,충북,"충청북도 진천군 광혜원면 회죽리 일반 368-2, 외 25필지",광혜원 개방형 다목적체육관,진천군청,2890.44,3,2025.11.13,-
33,예비인증,한국녹색기후기술원,주거용 이외,문화 및 집회시설,경북,"경상북도 성주군 성주읍 성산리 일반 161-1, ",성주문화예술회관 소공연장 건립공사,성주군청,651.69,5,2025.11.13,-
34,예비인증,한국부동산원,주거용 이외,교육연구시설,경기,"경기도 평택시 도일동 , 브레인시티 일반산업단지 산업4-1블록",청정수소 시험평가 및 실증화 지원 기반구축 센터,재단법인한국청정수소진흥연구원,4330.02,5,2025.11.13,-
35,예비인증,한국교육녹색환경연구원,주거용 이외,교육연구시설,세종,"세종특별자치시 세종시 합강동  일반 313-2, 일원",(가칭)합강1초등학교,세종특별자치시교육청,19218.97,4,2025.11.13,-
36,본인증,한국생산성본부인증원,주거용 이외,문화 및 집회시설,강원,강원특별자치도 춘천시 후석로440번길 37,후평복합문화센터,춘천시청,1811.61,5,2025.11.12,-
37,본인증,한국건설생활환경시험연구원,주거용 이외,의료시설,강원,강원특별자치도 춘천시 동산면 영서로 824,국립춘천병원 정신재활치료시설,국립춘천병원,868.26,3,2025.11.12,-
38,예비인증,한국생산성본부인증원,주거용 이외,교육연구시설,인천,"인천광역시 부평구 산곡동  일반 87-236, 외 일원",산곡초등학교 교사동/강당 증축공사,산곡재개발정비사업조합,6834.74,4,2025.11.12,-
39,예비인증,한국환경건축연구원,주거용 이외,운수시설,부산,"부산광역시 남구 감만동  일반 626, ",부산항 신감만 건축시설물 건립사업(주12동),부산항만공사,759.23,3,2025.11.12,-
40,예비인증,한국녹색기후기술원,주거용,공동주택,인천,"인천광역시 계양구 귤현동  일반, 동양동, 박촌동, 병방동, 상야동 일원  인천계양지구 내 A9BL",인천계양지구 A9BL 공공주택 건설공사,한국토지주택공사,66843.23,5,2025.11.12,-
41,예비인증,한국환경건축연구원,주거용 이외,국방·군사시설,강원,"강원특별자치도 화천군 화천읍 상리 일반 139-2, 일원",동화천 간부숙소,푸른동화천 주식회사,27308.9602,5,2025.11.11,-
42,예비인증,한국생산성본부인증원,주거용 이외,교육연구시설,충북,"충청북도 청주시  흥덕구 오송읍 봉산리 일반 771, ",(가칭)오송2고등학교,충청북도교육청,14054.34,4,2025.11.11,-
43,예비인증,한국녹색기후기술원,주거용 이외,업무시설,경기,"경기도 평택시 용이동  일반 491-6, ",용이동 LH 주택매입 신축계획안,주식회사 정석도시개발,3423.61,5,2025.11.11,-
44,예비인증,한국부동산원,주거용 이외,노유자시설,경기,"경기도 가평군 조종면 현리 419-11, 외  4필지",조종면권역 어린이 놀이체험시설 조성사업,가평군청,997.04,5,2025.11.11,-
45,예비인증,한국녹색기후기술원,주거용 이외,교육연구시설,인천,"인천광역시 연수구 송도동  일반 162-1, 일원(연세대 국제캠퍼스 내)",K-바이오 랩허브 건립사업,인천광역시경제자유구역청,20310.85,4,2025.11.11,-
46,예비인증,한국녹색기후기술원,주거용 이외,관광 휴게시설,경북,경북 문경시 문경읍 하푸실길 33-5,문경새재 케이블카,문경시청,3669.42,3,2025.11.10,-
47,예비인증,한국녹색기후기술원,주거용 이외,제1종 근린생활시설,충남,"충청남도 보령시 오천면 원산도리 일반 965-8, ",원산 오션뷰 스마트복합쉼터 조성사업,보령시청,680.50,5,2025.11.10,-
48,예비인증,한국생산성본부인증원,주거용 이외,국방·군사시설,경기,"경기도 이천시 장호원읍 이황리 일반 414-19, 외 2필지",7군단 다목적 체육시설,국방시설본부,2950.76,5,2025.11.10,-
49,예비인증,한국교육녹색환경연구원,주거용 이외,국방·군사시설,경기,"경기도 파주시 아동동  일반 147-2,  ",9사단 28여단본부 행정동 신축,국방시설본부 경기북부시설단,720.00,4,2025.11.10,-
50,예비인증,한국생산성본부인증원,주거용 이외,업무시설,대구,"대구광역시 북구 국우동  일반 1240, 번지",국우동 행정복지센터 건립공사,대구광역시 북구청,1289.68,4,2025.11.10,-
51,예비인증,한국생산성본부인증원,주거용 이외,업무시설,서울,"서울특별시 용산구 한강로2가  일반 93-1, 외 2필지",한강로2가 93-1 업무시설,삼주마리타임,3868.78,5,2025.11.10,-
52,예비인증,한국부동산원,주거용,공동주택,서울,"서울특별시 구로구 개봉동  일반 403-84, ,347-14",구로구 개봉동 LH매입임대주택 신축공사,코리아신탁(주),3901.25,5,2025.11.10,-
53,본인증,한국생산성본부인증원,주거용 이외,문화 및 집회시설,경북,"경상북도 경주시 감포읍 대본리 일반 671, ",문무대왕 해양역사관,경주시청,1793.21,+,2025.11.07,-
54,예비인증,한국교육녹색환경연구원,주거용 이외,업무시설,전남,"전라남도 영암군 삼호읍 용앙리 일반 249-10, , 250-4",삼호 건강증진형 보건지소,영암군청,654.60,5,2025.11.07,-
55,예비인증,한국녹색기후기술원,주거용 이외,창고시설,전남,"전라남도 진도군 진도읍 포산리 일반 1746-27, ",진도군 농수특산물 유통물류 허브센터,진도군청,1492.705,3,2025.11.07,-
56,예비인증,한국녹색기후기술원,주거용 이외,업무시설,서울,"서울특별시 중랑구 신내동  195-3, 일원",중랑창업지원센터 복합화사업,서울주택도시공사,16387.40,5,2025.11.07,-
57,예비인증,한국녹색기후기술원,주거용,공동주택,서울,"서울특별시 중랑구 신내동  일반 195-3, 일원",중랑창업지원센터 복합화사업 창업지원주택,서울주택도시공사,16387.40,5,2025.11.07,-
58,본인증,한국녹색기후기술원,주거용 이외,제1종 근린생활시설,충북,"충청북도 단양군 단양읍 천동리 산 9-1, 천동 탐방안내소",천동 탐방안내소, 소백산국립공원북부사무소,425.82,+,2025.11.06,-
59,예비인증,한국환경건축연구원,주거용 이외,국방·군사시설,전북,전북특별자치도 군산시 옥도면 어청도길 113-14,2함대282감시대 본관 증축공사,국방시설본부,871.013,3,2025.11.06,-
60,예비인증,한국녹색기후기술원,주거용 이외,제1종 근린생활시설,전북,"전북특별자치도 전주시  덕진구 팔복동1가  일반 291-3, ",팔복동 빈집밀집구역 돌봄방앗간 ,전주시청,943.80,5,2025.11.06,-
61,예비인증,한국교육녹색환경연구원,주거용 이외,제1종 근린생활시설,경북,"경상북도 영천시 화남면 삼창리 일반 853, 일원",화남면 행복활력센터,영천시청,662.54,5,2025.11.06,-
62,예비인증,한국녹색기후기술원,주거용 이외,교육연구시설,충남,"충청남도 당진시 신평면 운정리 일반 239-3, 외 7필지",(가칭) 충청남도 교육청 교직원 수련원 신축공사 설계용역,충청남도교육청,5785.16,4,2025.11.06,-
63,예비인증,한국건설생활환경시험연구원,주거용 이외,운동시설,충북,"충청북도 제천시 강제동  일반 895, ",공공형 실내스포츠 놀이시설,제천시청,1608.86,4,2025.11.06,-
64,예비인증,한국환경건축연구원,주거용 이외,국방·군사시설,경기,"경기도 연천군 신서면 마전리 일반, 1016 외 12필지",5사단 36-2대대 GOP소초 생활관 신축,국방시설본부,3374.02,4,2025.11.06,-
65,예비인증,한국생산성본부인증원,주거용 이외,교육연구시설,인천,인천 미추홀구 장천로 99,숭의초 공간재구조화 증개축공사,남부교육지원청,2155.31,4,2025.11.06,-
66,예비인증,한국녹색기후기술원,주거용,"임대주택(영구, 국민, 공공)",강원,"강원특별자치도 삼척시 도계읍 도계리 일반 206-2,  외 2필지",삼척 도계 공공임대주택,강원개발공사,13592.5154,4,2025.11.06,-
67,예비인증,한국건설생활환경시험연구원,주거용 이외,운동시설,경남,"경상남도 김해시 진영읍 본산리 121-109, 일원",진영읍 다목적체육관,김해시청,893.44,5,2025.11.05,-
68,예비인증,한국환경건축연구원,주거용 이외,국방·군사시설,경기,"경기도 남양주시 이패동  일반 259-1, ",56사단 221여단 취사식당 신축공사,국방시설본부,1033.29,5,2025.11.05,-
69,예비인증,한국생산성본부인증원,주거용 이외,교육연구시설,경기,"경기도 과천시 갈현동  일반 145, ",과천갈현초등학교(증축 교사동),대방건설 주식회사,4436.726,4,2025.11.05,-
70,예비인증,한국교육녹색환경연구원,주거용 이외,제2종 근린생활시설,대전,"대전광역시 동구 천동  511-184, ",천동3구역 4블럭 4롯트 OOO 빌딩 신축공사,주식회사 효천홀딩스,5894.5948,5,2025.11.05,-
71,예비인증,한국환경건축연구원,주거용 이외,교육연구시설,인천,인천 남동구 용천로205번길 42,신명여자고등학교 급식소 및 식당,신명여자고등학교,842.70,5,2025.11.05,-
72,예비인증,한국환경건축연구원,주거용,"임대주택(영구, 국민, 공공)",강원,"강원특별자치도 강릉시 입암동  일반 498, ",강릉시 통합공공임대주택 건립사업,강릉시청,6815.87,5,2025.11.05,-
73,예비인증,한국교육녹색환경연구원,주거용 이외,업무시설,경남,"경상남도 창녕군 창녕읍 말흘리 일반 700-3, 번지 외 33필지",창녕경찰서 이전 신축공사,경남경찰청,7319.80,4,2025.11.04,-
74,예비인증,한국교육녹색환경연구원,주거용 이외,교정시설,충북,"충청북도 증평군 증평읍 덕상리, ",13특임여단 특수작전용경전술차량 보관시설,국방시설본부 충청시설단,632.78,2,2025.11.04,-
75,예비인증,한국녹색기후기술원,주거용 이외,제1종 근린생활시설,광주,광주 광산구 목련로 98-1,월곡2동 상생커뮤니티센터,광산구청,1405.34,5,2025.11.04,-
76,예비인증,한국생산성본부인증원,주거용 이외,제1종 근린생활시설,경남,"경상남도 하동군 고전면 범아리 일반 226, ",고전면 행정문화복합센터 건립사업,하동군청,890.66,5,2025.11.03,-
77,예비인증,한국교육녹색환경연구원,주거용 이외,교육연구시설,충북,충북 충주시 염밭로 101,그린스마트스쿨 충주성남초 임대형 민자사업(BTL),충북미래배움터(주),6389.77,4,2025.11.03,-
78,예비인증,한국생산성본부인증원,주거용 이외,운동시설,강원,"강원특별자치도 춘천시 신북읍 율문리 일반 935-67, 신북반다비 체육센터",신북반다비 체육센터,춘천시청,2633.42,4,2025.10.31,-
79,예비인증,한국환경건축연구원,주거용 이외,교육연구시설,경북,경북 김천시 구성면 양각길 139-12,김천시 체류형 귀농귀촌학교 교육관,김천시농업기술센터,657.80,4,2025.10.31,-
80,예비인증,한국환경건축연구원,주거용 이외,제1종 근린생활시설,전남,"전라남도 여수시 국동  일반, 231번지 외 11필지",여수국동 FLEX센터 및 신활력이음센터,여수시,2446.97,5,2025.10.31,-
81,예비인증,한국생산성본부인증원,주거용 이외,공장,전남,전남 나주시 동수농공단지길 62-10,나주 푸드테크 연구지원센터,나주시청,1631.17,5,2025.10.31,-
82,예비인증,한국교육녹색환경연구원,주거용 이외,노유자시설,울산,"울산광역시 동구 방어동  일반 183-1, 외 2필지",청소년 복지시설 건립공사,울산광역시 동구청,766.36,4,2025.10.31,-
83,예비인증,한국녹색기후기술원,주거용 이외,제1종 근린생활시설,전북,"전북특별자치도 진안군 백운면 백암리 658-11, 번지 외3필지",꿈두레센터,한국농어촌공사 무진장지사,596.34,5,2025.10.30,-
84,예비인증,한국교육녹색환경연구원,주거용 이외,업무시설,전남,"전라남도 무안군 일로읍 오룡리 일반 313-2, ",오룡 복합문화센터 ,무안군청,6485.09,4,2025.10.30,-
85,예비인증,한국녹색기후기술원,주거용 이외,제1종 근린생활시설,충남,"충청남도 천안시  서북구 직산읍 신갈리 일반 251, 번지",충남청 천안아산 수사분소 신축공사,충청남도경찰청,953.94,4,2025.10.30,-
86,예비인증,한국교육녹색환경연구원,주거용 이외,운동시설,충북,충북 청주시 흥덕구 송화로130번길 13,청주 테크노폴리스 내 생활SOC 건립사업,(주)청주테크노폴리스,5765.88,4,2025.10.30,-
87,예비인증,한국교육녹색환경연구원,주거용 이외,교육연구시설,충북,충북 청주시 청원구 오창읍 양청3길 33,석유대체연료센터,한국석유관리원,1212.58,4,2025.10.30,-
88,예비인증,한국녹색기후기술원,주거용 이외,교육연구시설,대전,"대전광역시 유성구 학하동  일반 161-8, 일원",(가칭)대전학하2초등학교,대전광역시교육청,13069.05,4,2025.10.30,-
89,예비인증,한국부동산원,주거용 이외,노유자시설,강원,"강원특별자치도 인제군 인제읍 남북리 일반 386-70, 외 1필지",인제 키지트 조성사업,인제군청,826.51,5,2025.10.29,-
90,예비인증,한국부동산원,주거용 이외,업무시설,경남,경남 창원시 성산구 원이대로 627,농협은행 경남본부,(주)농협은행,17544.59,5,2025.10.29,-
91,예비인증,한국환경건축연구원,주거용 이외,노유자시설,경남,"경상남도 진주시 이반성면 가산리 일반 566-5, , 566-32",진주시 이반성면 종합복지회관,진주시청,597.959,4,2025.10.29,-
92,예비인증,한국생산성본부인증원,주거용 이외,제1종 근린생활시설,충남,"충청남도 부여군 외산면 만수리 일반 15-2, 외 18필지",외산면 기초생활거점조성사업,충청남도 부여군,584.46,4,2025.10.29,-
93,예비인증,한국건설생활환경시험연구원,주거용 이외,관광 휴게시설,광주,"광주광역시 서구 금호동  일반 12-1, 외 350필지",풍암호수 수변파빌리온,빛고을중앙공원개발(주),1305.8708,4,2025.10.29,-
94,예비인증,한국건설생활환경시험연구원,주거용 이외,관광 휴게시설,광주,"광주광역시 서구 금호동  일반 1, 외 257필지",어울림숲 도시정원센터,빛고을중앙공원개발(주),1566.3531,4,2025.10.29,-
95,예비인증,한국환경건축연구원,주거용 이외,문화 및 집회시설,서울,"서울특별시 은평구 진관동  일반 161-10, ",증권박물관 이전 건립공사,재단법인케이에스디나눔재단,6499.08,5,2025.10.29,-
96,예비인증,한국부동산원,주거용 이외,교육연구시설,서울,서울 강서구 초록마을로 28,화곡초 그린스마트 미래학교 교사 개축 및 복합화(지하공영주차장) 건립공사,강서양천교육지원청,13712.1,4,2025.10.29,-
97,예비인증,한국건설생활환경시험연구원,주거용 이외,공장,충남,"충청남도 보령시 청라면 내현리, 925번지(청라농공단지 A1블럭)",보령 지식산업센터,보령시청,5162.63,4,2025.10.28,-
98,예비인증,한국생산성본부인증원,주거용 이외,제1종 근린생활시설,서울,"서울특별시 강남구 청담동  일반 87-3, ",청담동 87-3,에스앤씨(S&C)타워 청담,4630.01,5,2025.10.28,-
99,예비인증,한국환경건축연구원,주거용,공동주택,제주,"제주특별자치도 제주시 봉개동  일반, 2569번지 외 2필지",제주시 봉개동 공공주택 건립사업,제주특별자치도개발공사,4476.2796,5,2025.10.28,-
100,예비인증,한국부동산원,주거용,공동주택,전남,"전라남도 진도군 진도읍 남동리 일반 131-26, ",전남형 만원주택(진도) 공동주택 신축공사,전남개발공사,6072.5052,5,2025.10.28,-
101,예비인증,한국생산성본부인증원,주거용,공동주택,충남,"충청남도 홍성군 홍북읍 신경리 929, 번지 일원",내포신도시 RH-14BL 민간참여 공공주택 건설사업,충청남도개발공사,"127,340.1076",5,2025.10.28,-
102,본인증,한국생산성본부인증원,주거용 이외,운동시설,충남,"충청남도 태안군 남면 달산리 일반 995-39, , 양잠리 산330 일원",태안해양치유센터,해양치유센터,8478.71,4,2025.10.27,-
103,예비인증,한국생산성본부인증원,주거용 이외,문화 및 집회시설,전북,"전북특별자치도 김제시 교동  99-1, 외 13필지",김제 문화예술 커뮤니티센터,김제시청,2987.55,3,2025.10.27,-
104,예비인증,한국생산성본부인증원,주거용 이외,숙박시설,경남,"경상남도 밀양시 부북면 가산리 일반, 82번지",밀양아리나 청년연극인 쉼터,밀양시청,1186.85,3,2025.10.27,-
105,예비인증,한국교육녹색환경연구원,주거용 이외,교육연구시설,충북,충북 청주시 서원구 충대로 1,충북대학교 창업지원센터,충북대학교,1454.52,3,2025.10.27,-
106,예비인증,한국생산성본부인증원,주거용 이외,국방·군사시설,인천,"인천광역시 부평구 구산동  일반 161-11, 외 42필지",17사단 직할대 병영식당 사단의무대 통합실내체육관,국방시설본부,8957.75,4,2025.10.27,-
107,예비인증,한국생산성본부인증원,주거용 이외,국방·군사시설,인천,"인천광역시 부평구 구산동  일반 161-11, 외 42필지","17사단 직할대 병영생활관 A,B",국방시설본부,26279.41,4,2025.10.27,-
108,예비인증,한국교육녹색환경연구원,주거용 이외,문화 및 집회시설,전북,"전북특별자치도 임실군 임실읍 이도리 732-1, , 938-19",임실 정주활력센터,임실군청,7170.82,4,2025.10.24,-
109,예비인증,한국교육녹색환경연구원,주거용 이외,교육연구시설,강원,강원특별자치도 태백시 황지로 78,한국광해광업공단 통합사옥,한국광해광업공단,776.44,2,2025.10.24,-
110,예비인증,한국환경건축연구원,주거용 이외,교육연구시설,경남,"경상남도 밀양시 내이동  일반 1025-4, 외 4필지","한국폴리텍대학 밀양캠퍼스(본관, 기숙사, 경비동)",한국폴리텍대학 밀양캠퍼스 설립추진단,5913.21,3,2025.10.24,-
111,예비인증,한국생산성본부인증원,주거용 이외,교육연구시설,경북,"경상북도 영천시 망정동  일반 411, 외 412,414,415, 416-6, 535, 532-1, 410-26, 410-41",영천도서관,경상북도영천교육지원청,2789.35,4,2025.10.24,-
112,예비인증,한국녹색기후기술원,주거용 이외,교육연구시설,전남,전남 담양군 담양읍 추성로 1323,담양동초등학교(본관동 및 유치원동),전라남도교육청,5848.92,4,2025.10.24,-
113,예비인증,한국생산성본부인증원,주거용 이외,제1종 근린생활시설,충남,"충청남도 부여군 내산면 운치리 일반 540-2, ",내산면 기초생활거점조성사업,충청남도 부여군,656.69,4,2025.10.24,-
114,예비인증,한국교육녹색환경연구원,주거용,공동주택,서울,"서울특별시 중랑구 중화동  일반 288-27, ",중랑구 중화동 288-27번지 도시형생활주택(청년주택)신축공사,엠씨씨건설(주),5802.52,5,2025.10.24,-
115,예비인증,한국녹색기후기술원,주거용 이외,국방·군사시설,강원,"강원특별자치도 동해시 망상동 , 1-9외 6필지","23-D-00부대 설계용역 (B565) 23경비여단 2대대 7,8소초 생활관",국방시설본부,3036.12,4,2025.10.23,-
116,예비인증,한국부동산원,주거용 이외,운동시설,경남,"경상남도 통영시 평림동  471-3, 번지외 57필지",다목적 체육센터,통영시청,997.50,4,2025.10.23,-
117,예비인증,한국환경건축연구원,주거용 이외,문화 및 집회시설,경남,"경상남도 진주시 망경동  일반 17-14, ",남강변 다목적 문화센터 건립 기본 및 실시설계,진주시청,13957.46,4,2025.10.23,-
118,예비인증,한국녹색기후기술원,주거용 이외,업무시설,경남,"경상남도 의령군 의령읍 동동리 일반, 1701외 2필지 (1701, 1702, 1703)",한국전력공사 의령지사 사옥,한국전력공사,811.05,5,2025.10.23,-
119,예비인증,한국녹색기후기술원,주거용 이외,교육연구시설,경남,경남 통영시 도산면 도산일주로 34,도산중 미래학교 공간재구조화 본관 개축공사 설계용역,경상남도통영교육지원청,2253.15,3,2025.10.23,-
120,예비인증,한국건설생활환경시험연구원,주거용 이외,국방·군사시설,경기,"경기도 연천군 중면 중사리 301, ",(B538)28사단 81여단 1대대 10소초 병영생활관,국방시설본부,979.64,5,2025.10.23,-
121,예비인증,한국환경건축연구원,주거용 이외,문화 및 집회시설,부산,"부산광역시 서구 서대신동3가  산  2-3, 번지, 동대신동3가 산1-2, 산2-2",구덕민속예술관,부산광역시건설본부,1756.49,4,2025.10.23,-
122,예비인증,한국생산성본부인증원,주거용 이외,문화 및 집회시설,전남,전남 목포시 해안로 185,향토음식진흥센터,한식진흥원,1553.26,4,2025.10.22,-
123,예비인증,한국환경건축연구원,주거용 이외,운동시설,경기,"경기도 광명시 철산동  일반 379, ",광명시민건강 체육센터 건립공사,광명시청,7616.40,4,2025.10.22,-
124,예비인증,한국교육녹색환경연구원,주거용 이외,업무시설,광주,광주 서구 상무대로 1026,광주소방안전본부 및 서부소방서 합동청사 ,광주광역시종합건설본부,12348.18,4,2025.10.22,-
125,예비인증,한국생산성본부인증원,주거용 이외,노유자시설,전북,"전북특별자치도 군산시 나운동  일반 1191-29, 번지외 7필지",나운3동 생활SOC 복합시설 ,군산시청 ,2373.65,4,2025.10.21,-
126,예비인증,한국녹색기후기술원,주거용 이외,교육연구시설,강원,강원특별자치도 강릉시 노암등길 71,강릉남부권수영장,강릉시청,2014.07,4,2025.10.21,-
127,예비인증,한국부동산원,주거용,공동주택,경북,"경상북도 경산시 대평동 , 임당동 일원",경산대임지구 B-1BL 공공주택 건설사업,한국토지주택공사,46761.39,5,2025.10.21,-
128,예비인증,한국부동산원,주거용 이외,업무시설,경기,경기 광명시 일직로12번길 14,광명역세권 일반상업 1-1BL 오피스텔 신축공사,엠디엠플러스,50292.9918,5,2025.10.20,-
129,예비인증,한국녹색기후기술원,주거용 이외,제1종 근린생활시설,광주,광주 남구 대남대로390번길 5,광주광역시 남구 월산동 OO빌딩,(유)유안,7183.71,4,2025.10.20,-
130,예비인증,한국부동산원,주거용 이외,업무시설,전북,"전북특별자치도 전주시  덕진구 만성동  일반 1377-2, 외 1필지",한국전력공사 남전주지사 (본관),한국전력공사,3406.75,4,2025.10.17,-
131,예비인증,한국환경건축연구원,주거용 이외,교육연구시설,충남,충남 천안시 서북구 천안대로 1223-24,국립공주대학교 천안캠퍼스 산학연구동 개축공사,공주대학교,5623.25,4,2025.10.17,-
132,예비인증,한국녹색기후기술원,주거용 이외,제1종 근린생활시설,충남,"충청남도 보령시 웅천읍 구룡리 일반, 951번지",웅천일반산업단지 근로복지센터 ,보령시청,1659.14,5,2025.10.17,-
133,예비인증,한국건설생활환경시험연구원,주거용 이외,판매시설,충남,충남 서천군 서천읍 충절로 42,서천특화시장,충청남도개발공사,9872.19,4,2025.10.17,-
134,예비인증,한국녹색기후기술원,주거용 이외,교육연구시설,충남,"충청남도 천안시  서북구 입장면 하장리 일반 62-13, 외 4필지",입장도서관,천안시청,1119.95,4,2025.10.17,-
135,예비인증,한국생산성본부인증원,주거용 이외,국방·군사시설,경기,"경기도 평택시 서탄면 적봉리 일반 124-4, 외 13필지",칠성대성당,국방시설본부,835.74,5,2025.10.17,-
136,예비인증,한국교육녹색환경연구원,주거용 이외,교육연구시설,서울,서울 성북구 보문사길 50,서울동신초등학교 그린스마트 미래학교 개축공사,서울특별시 성북강북교육지원청,8194.16,4,2025.10.17,-
137,예비인증,한국건설생활환경시험연구원,주거용 이외,제1종 근린생활시설,경남,"경상남도 양산시 동면 석산리 일반 1478-6, ",양산소방서 119구조대,경상남도청,992.57,5,2025.10.16,-
138,예비인증,한국환경건축연구원,주거용 이외,국방·군사시설,경기,"경기도 양평군 양평읍 회현리, 94, 119-2",7군단 2신속대응사단 본청 신축 ,국방시설본부,2203.11,5,2025.10.16,-
139,예비인증,한국녹색기후기술원,주거용 이외,업무시설,인천,"인천광역시 남동구 간석동  일반 212-2, 외 4필지",LH 연동형 청년주택,최광옥,18935.0534,5,2025.10.16,-
140,예비인증,한국부동산원,주거용 이외,교육연구시설,대구,대구 북구 공항로 50,대구북중학교 본관동,대구미래배움터 주식회사,3680.13,4,2025.10.16,-
141,예비인증,한국부동산원,주거용 이외,교육연구시설,대구,대구 서구 국채보상로55길 21,평리중학교 본관동,대구미래배움터 주식회사,2928.22,4,2025.10.16,-
142,예비인증,한국녹색기후기술원,주거용 이외,종교시설,서울,"서울특별시 관악구 신림동 , 신림2재정비촉진지구",성림교회 신축공사,진용훈,8846.59,5,2025.10.16,-
143,예비인증,한국부동산원,주거용 이외,업무시설,서울,서울 강서구 양천로60길 40,등촌동 638-4번지 SH매입주택(비주거),주식회사 에스에이치등촌,9236.92,5,2025.10.16,-
144,예비인증,한국부동산원,주거용,공동주택,서울,서울 강서구 양천로60길 40,등촌동 638-4번지 SH매입주택(주거),주식회사 에스에이치등촌,9236.92,5,2025.10.16,-
145,본인증,한국생산성본부인증원,주거용 이외,제1종 근린생활시설,전남,전남 진도군 진도읍 교동1길 122,아리랑 굿센터,진도군청(굿센터),727.02,4,2025.10.15,-
146,예비인증,한국건설생활환경시험연구원,주거용 이외,공장,경남,경남 진주시 도동로 128,상평산단 휴폐업공장 리모델링 사업,진주시청,3312.65,1,2025.10.14,-
147,예비인증,한국부동산원,주거용 이외,노유자시설,경북,"경상북도 경주시 천군동  산 30-92, 번지 일대",경북 장애인가족 공립 복합힐링센터,경상북도,7031.38,5,2025.10.14,-
148,예비인증,한국교육녹색환경연구원,주거용 이외,교육연구시설,충북,충북 영동군 황간면 남성1길 25,그린스마트스쿨 황간초 임대형 민자사업(BTL),충북미래배움터(주),2971.03,4,2025.10.14,-
149,예비인증,한국환경건축연구원,주거용 이외,제1종 근린생활시설,서울,"서울특별시 양천구 신월동  일반 161-9, ",신월3동 도시재생 앵커시설,양천구청,703.40,5,2025.10.14,-
150,예비인증,한국녹색기후기술원,주거용 이외,운동시설,전북,"전북특별자치도 순창군 순창읍 순화리 1000, ",순창 창의예술미래공간 신축 설계용역,전북특별자치도 순창교육지원청,5283.57,4,2025.10.13,-
151,예비인증,한국생산성본부인증원,주거용 이외,공장,충남,"충청남도 금산군 금성면 하신리 일반 745, ",금산군 공공임대형 지식산업센터,금산군청,6347.2200,5,2025.10.13,-
152,예비인증,한국건설생활환경시험연구원,주거용 이외,국방·군사시설,경기,"경기도 양평군 양평읍 창대리 일반 104, 외 19필지",7군지단 행정동,국방시설본부,1596.42,5,2025.10.13,-
153,예비인증,한국부동산원,주거용 이외,교육연구시설,대구,대구 달성군 구지면 창리로11길 45-11,구지초등학교 본관동,대구미래배움터 주식회사,3697.78,4,2025.10.13,-
154,예비인증,한국녹색기후기술원,주거용 이외,업무시설,서울,"서울특별시 송파구 잠실동  일반 196-9, ",마이퍼스트레이디,(주)마이퍼스트레이디,4727.55,5,2025.10.13,-
155,본인증,한국생산성본부인증원,주거용 이외,국방·군사시설,경기,"경기도 포천시 창수면 고소성리 일반 335, 외 2필지",5포병여단 8포병단 병영생활관,국방시설본부,4299.50,2,2025.10.02,-
156,예비인증,한국녹색기후기술원,주거용 이외,묘지 관련 시설,강원,"강원특별자치도 철원군 서면 자등리 산 143, 외 2필지",철원군 종합장사시설,철원군청,4995.39,3,2025.10.02,-
157,예비인증,한국녹색기후기술원,주거용 이외,문화 및 집회시설,경북,"경상북도 구미시 선산읍 노상리 일반 335, 외 24필지",구미 선산 목재체험장,구미시,973.22,5,2025.10.02,-
158,예비인증,한국부동산원,주거용 이외,제2종 근린생활시설,경기,"경기도 평택시 고덕동  일반 2690-1, ",평택고덕 A-56BL 민간참여 공공주택 건설사업(근린생활시설 및 부대시설),대우건설,198271.65,5,2025.10.02,-
159,예비인증,한국부동산원,주거용 이외,교육연구시설,경기,"경기도 오산시 양산동  일반 121, ",(가칭) 동탄11고 외 3교 신축공사 양산1중학교,경기도화성오산교육지원청,15691.74,4,2025.10.02,-
160,예비인증,한국생산성본부인증원,주거용 이외,제2종 근린생활시설,광주,"광주광역시 동구 학동  일반 664-4, ",광주광역시 동구 학동 664-4번지 외 6필지 근린생활시설,유한회사 태강홀딩스,7990.13,5,2025.10.02,-
161,예비인증,한국환경건축연구원,주거용 이외,교육연구시설,부산,"부산광역시 강서구 미음동  일반 1529-5, ",SMR 보조기기 제작지원센터,부산광역시건설본부,"2,308.00",4,2025.10.02,-
162,예비인증,한국녹색기후기술원,주거용 이외,교육연구시설,서울,"서울특별시 중랑구 면목동  일반 1316-8, 용마폭포공원",중랑구 천문과학관,서울특별시 중랑구청,1275.62,4,2025.10.02,-
163,예비인증,한국건설생활환경시험연구원,주거용 이외,교육연구시설,강원,"강원특별자치도 철원군 서면 와수리 589-5, ",김화공업고등학교 모듈러 생활관 증축공사,강원특별자치도교육청,4634.87,5,2025.10.01,-
164,예비인증,한국생산성본부인증원,주거용 이외,교육연구시설,경북,"경상북도 구미시 산동읍  일반, 하이테크밸리 8BL-01-004",방산항공우주 탄소소재 부품 랩 팩토리센터,재단법인 경북테크노파크,2721.05,+,2025.10.01,-
165,예비인증,한국환경건축연구원,주거용 이외,업무시설,경북,경북 울진군 후포면 울진대게로 108-33,울진해양경찰서 함정승조원지원시설,울진해양경찰서,2728.45,4,2025.10.01,-
166,예비인증,한국건설생활환경시험연구원,주거용 이외,문화 및 집회시설,경북,"경상북도 포항시  북구 환호동  일반, 349답 외 11필지",포항시립미술관 제2관,포항시청,5881.12,2,2025.10.01,-
167,예비인증,한국건설생활환경시험연구원,주거용 이외,교육연구시설,충북,충북 진천군 덕산읍 예지로 43,옥동초 거점형 늘봄센터 증축공사,진천교육지원청,1537.58,4,2025.10.01,-
168,예비인증,한국부동산원,주거용 이외,교육연구시설,경기,"경기도 화성시 봉담읍 상리 일반 677, ",(가칭)동탄11고 외 3교 신축공사 (봉담2-1 초등학교),경기도화성오산교육지원청,10583.03,4,2025.10.01,-
169,예비인증,한국환경건축연구원,주거용 이외,제1종 근린생활시설,경기,"경기도 이천시 설성면 금당리 일반 126-1,  ,126-9번지",설성면 기초생활거점조성 문화복지센터 건립사업,이천시,649.67,5,2025.10.01,-
170,예비인증,한국녹색기후기술원,주거용 이외,교정시설,경기,경기 여주시 가남읍 양화로 107,여주교도소 여성수용동 증축공사,법무부,1540.94,3,2025.10.01,-
171,예비인증,한국부동산원,주거용 이외,숙박시설,대구,"대구광역시 군위군 군위읍 동부리 일반, 602전, 604-2전, 630대, 635-2대, 964-21전",군위 세대아우름 워케이션,군위군청,1210.86,3,2025.10.01,-
172,예비인증,한국녹색기후기술원,주거용 이외,업무시설,부산,"부산광역시 사하구 신평동  일반, 647-1, 647-5","사하구 보훈회관, 치매안심센터 등 복합시설",사하구청,6337.90,4,2025.10.01,-
173,예비인증,한국교육녹색환경연구원,주거용,공동주택,서울,서울 광진구 용마산로 17-1,광진구 중곡동 117-7번지 외 2필지 도시형생활주택,(주)이창스틸,2165.41,5,2025.10.01,-
174,예비인증,한국생산성본부인증원,주거용 이외,노유자시설,강원,강원특별자치도 속초시 중앙시장로 57-10,금호동경로당(그린리모델링),속초시청,262.51,2,2025.09.30,-
175,예비인증,한국생산성본부인증원,주거용 이외,노유자시설,강원,강원특별자치도 속초시 대포항1길 52,대포동경로당(그린리모델링),속초시청,429.50,4,2025.09.30,-
176,예비인증,한국환경건축연구원,주거용 이외,제1종 근린생활시설,경남,경남 남해군 미조면 미송로 11-29,미조활력센터,한국농어촌공사 하동남해지사,702.58,5,2025.09.30,-
177,예비인증,한국환경건축연구원,주거용 이외,제1종 근린생활시설,경남,"경상남도 함양군 안의면 이전리 일반 48-2, ",함양소방서 안의 119 안전센터 ,경상남도청,985.51,5,2025.09.30,-
178,예비인증,한국환경건축연구원,주거용 이외,교육연구시설,전남,전남 담양군 담양읍 죽향대로 1072,(가칭)담빛배움터 II관 증축공사,전라남도담양교육지원청,1903.43,4,2025.09.30,-
179,예비인증,한국녹색기후기술원,주거용 이외,교육연구시설,세종,"세종특별자치시 세종시 해밀동  663, 해밀고등학교 학교필지 내",해밀고 교사 증축공사,세종특별자치시교육청,6185.21,4,2025.09.30,-
180,예비인증,한국녹색기후기술원,주거용 이외,문화 및 집회시설,울산,"울산광역시 울주군 온양읍 고산리 일반 443-8, 외 5필지",울주 문화원사,울주군청,1611.38,4,2025.09.30,-
181,예비인증,한국생산성본부인증원,주거용 이외,교육연구시설,서울,서울 금천구 범안로 1242,금천 국제외국어센터,금천구청,1161.819,4,2025.09.30,-
182,본인증,한국생산성본부인증원,주거용 이외,교육연구시설,광주,광주 북구 금남로 99,"광주수창초등학교(개축동, 실내야구연습장)",광주광역시동부교육지원청,8787.6,5,2025.09.29,-
183,예비인증,한국교육녹색환경연구원,주거용 이외,교육연구시설,전북,전북특별자치도 익산시 금마면 용순신기길 48-69,전북과학고 기숙사 및 교사동 증측사업,전북특별자치도익산교육지원청,8404.31,4,2025.09.29,-
184,예비인증,한국교육녹색환경연구원,주거용 이외,제1종 근린생활시설,충북,"충청북도 옥천군 옥천읍 금구리 일반 3-1, ",충청지방통계청 옥천분소 청사,충청지방통계청,789.74,5,2025.09.29,-
185,예비인증,한국부동산원,주거용 이외,교육연구시설,경기,"경기도 화성시 신동  일반 264, ",(가칭) 동탄11고 외 3교 신축공사 [동탄11고등학교],경기도화성오산교육지원청,19408.61,4,2025.09.29,-
186,예비인증,한국환경건축연구원,주거용 이외,교육연구시설,부산,"부산광역시 서구 암남동  일반 620-2, 외2",수산식품산업 클러스터 조성사업,부산광역시건설본부,17544.23,4,2025.09.29,-
187,예비인증,한국생산성본부인증원,주거용,공동주택,경기,"경기도 평택시 고덕동 , 고덕동 일원",평택 고덕국제신도시 Abc-25BL 공동주택,(주)비에스한양,144219.87,5,2025.09.29,-
188,예비인증,한국환경건축연구원,주거용,공동주택,인천,"인천광역시 중구 운남동  일반 1696-1, ",인천영종하늘도시 A20BL 공동주택,주식회사 신일,94253.0031,5,2025.09.29,-
189,예비인증,한국환경건축연구원,주거용,공동주택,인천,"인천광역시 중구 운남동  1695-2, ",인천영종하늘도시 A19BL 공동주택,주식회사 신일,77462.2590,5,2025.09.29,-
190,본인증,한국생산성본부인증원,주거용 이외,공장,경북,경북 경산시 화랑로 140-10,한국조폐공사 다목적종합복지시설 증축,한국조폐공사,1260.00,4,2025.09.26,-
191,예비인증,한국녹색기후기술원,주거용 이외,국방·군사시설,경남,"경상남도 창원시  진해구 제황산동  일반 1-1, 외 34필지",24-D-00부대 설계용역-시설전대 체육관,국방시설본부,1409.23,5,2025.09.26,-
192,예비인증,한국생산성본부인증원,주거용 이외,업무시설,경기,경기 수원시 권선구 경수대로191번길 8,수원시 세류동 업무시설(오피스텔) 신축공사 ,코리아신탁(주),6463.88,4,2025.09.26,-
193,예비인증,한국생산성본부인증원,주거용 이외,제1종 근린생활시설,경기,"경기도 이천시 장호원읍 장호원리 일반 176, 외 2필지",장호원읍 농촌중심지활성화사업 생활나눔복합센터,이천시,1662.40,4,2025.09.26,-
194,예비인증,한국환경건축연구원,주거용 이외,업무시설,경기,"경기도 의정부시 신곡동  426-9, 외 1필지 (748-2)",신곡동 426-9번지 공공임대주택 신축공사(오피스텔),주식회사 한원그룹,4790.015,5,2025.09.26,-
195,예비인증,한국환경건축연구원,주거용,"임대주택(영구, 국민, 공공)",경기,"경기도 의정부시 신곡동  일반 426-9, 외 1필지 (748-2)",신곡동 426-9번지 공공임대주택 신축공사(공동주택),주식회사 한원그룹,4790.015,5,2025.09.26,-
196,예비인증,한국환경건축연구원,주거용,공동주택,경기,"경기도 연천군 전곡읍 전곡리 일반 241-7, 외 2필지",전곡제3교직원 공동사택 신축공사,경기도연천교육지원청,1847.88,5,2025.09.26,-
197,예비인증,한국환경건축연구원,주거용 이외,제1종 근린생활시설,경남,"경상남도 김해시 불암동  215-8, 외 6필지",꼼지락 이음센터,김해시청,658.971,5,2025.09.25,-
198,예비인증,한국생산성본부인증원,주거용 이외,제1종 근린생활시설,경북,"경상북도 안동시 용상동  일반 1517-339, 외 1필지",안동시 은하수랜드 및 공공산후조리원,안동시청,3878.79,5,2025.09.25,-
199,예비인증,한국녹색기후기술원,주거용 이외,운동시설,충남,"충청남도 부여군 석성면 증산리 1291-33, 외 11 필지",동부여다목적체육관,부여군청,2267.18,4,2025.09.25,-
200,예비인증,한국생산성본부인증원,주거용 이외,운수시설,충남,"충청남도 천안시  동남구 대흥동  일반, 239",경부선 천안역사 증축 기타설계,국가철도공단,14263.42,5,2025.09.25,-
201,예비인증,한국녹색기후기술원,주거용,"임대주택(영구, 국민, 공공)",경기,"경기도 양평군 양평읍 공흥리 일반 551, 양평공흥5지구 A1블럭",양평 공흥 (고령자) 공동주택 건설공사,한국토지주택공사,9559.09,5,2025.09.25,-
202,예비인증,한국생산성본부인증원,주거용,공동주택,경기,"경기도 용인시  처인구 역북동  일반 811, ",용인 신대지구 A1블럭 공동주택,주식회사프런티어마루,132015.5348,5,2025.09.25,-
203,예비인증,한국환경건축연구원,주거용 이외,운동시설,전북,"전북특별자치도 완주군 용진읍 운곡리 일반 886, 외 36필지",완주군 다목적체육관,완주군청,2939.81,4,2025.09.24,-
204,예비인증,한국부동산원,주거용 이외,제1종 근린생활시설,경남,"경상남도 밀양시 부북면 전사포리, 밀양부북 S-2BL",밀양부북 S-2BL 공동주택(부대복리시설),(주)비에스한양,46634.52,5,2025.09.24,-
205,예비인증,한국부동산원,주거용 이외,제1종 근린생활시설,경남,"경상남도 밀양시 부북면 전사포리, 밀양부북 공공주택지구 A-1BL",밀양부북 A-1BL 공동주택(부대복리시설),(주)비에스한양,95889.01,5,2025.09.24,-
206,예비인증,한국건설생활환경시험연구원,주거용 이외,제1종 근린생활시설,경남,"경상남도 고성군 영오면 영산리 일반 257-2, 번지 외 4필지",영오면 건강배움센터 ,한국농어촌공사 고성통영거제지사,659.73,5,2025.09.24,-
207,예비인증,한국녹색기후기술원,주거용 이외,제1종 근린생활시설,경북,"경상북도 김천시 백옥동  일반 60-2, ",다수119 안전센터 이전 신축공사,경상북도 소방본부,965.79,5,2025.09.24,-
208,예비인증,한국환경건축연구원,주거용 이외,제1종 근린생활시설,전남,"전라남도 강진군 옴천면 개산리 일반 282-8, ",옴천면 기초생활거점센터,강진군청,802.13,5,2025.09.24,-
209,예비인증,한국환경건축연구원,주거용 이외,제1종 근린생활시설,충남,"충청남도 당진시 수청동  1804, 외 1필지",당진시 해나루신활력센터,당진시청,1673.45,4,2025.09.24,-
210,예비인증,한국교육녹색환경연구원,주거용 이외,업무시설,충남,"충청남도 천안시  서북구 백석동  일반 1112-1, ",백석동 행정복지센터,천안시청,2779.48,4,2025.09.24,-
211,예비인증,한국생산성본부인증원,주거용 이외,문화 및 집회시설,경기,경기 고양시 일산서구 킨텍스로 217-60,킨텍스 제3전시장 건립공사(3A),킨텍스,183533.22,5,2025.09.24,-
212,예비인증,한국부동산원,주거용 이외,교육연구시설,대구,대구 달성군 화원읍 비슬로 2580,화원초등학교 후관동,대구미래배움터 주식회사,4810.52,4,2025.09.24,-
213,예비인증,한국교육녹색환경연구원,주거용 이외,공장,대구,"대구광역시 동구 동내동  일반 1113-1   , (팔공이노밸리 첨4-2LOT)",(주)심플스틱 GMP 공장,(주)심플스틱,3418.29,5,2025.09.24,-
214,예비인증,한국교육녹색환경연구원,주거용 이외,운동시설,부산,"부산광역시 수영구 망미동  일반 774-276, ",망미 국민체육센터,수영구청,6757.89,4,2025.09.24,-
215,본인증,한국생산성본부인증원,주거용 이외,제1종 근린생활시설,전남,"전라남도 곡성군 오곡면 오지리 일반 946-4, 곡성 디톡스테라피",곡성군 디톡스테라피 거점센터 건립공사(주1동),전남곡성군청,919.35,3,2025.09.23,-
216,예비인증,한국교육녹색환경연구원,주거용 이외,판매시설,전북,"전북특별자치도 진안군 진안읍 단양리 산 29, ",명품홍삼 집적화단지(판매시설) 조성사업 설계용역,진안군청,2812.27,3,2025.09.23,-
217,예비인증,한국생산성본부인증원,주거용 이외,교육연구시설,강원,"강원특별자치도 강릉시 사천면 방동리 일반 803-7, ",천연물소재 전주기 표준화 허브,강릉시청,6068.16,4,2025.09.23,-
218,예비인증,한국환경건축연구원,주거용 이외,제1종 근린생활시설,경남,"경상남도 함양군 마천면 군자리 일반 66-2, 외 3필지",함양소방서 산악구조대,경상남도청,978.61,5,2025.09.23,-
219,예비인증,한국녹색기후기술원,주거용 이외,운동시설,경북,"경상북도 경주시 충효동  산 156-4, 일원",충효국민체육센터,경주시,3582.76,3,2025.09.23,-
220,예비인증,한국건설생활환경시험연구원,주거용 이외,교육연구시설,충남,"충청남도 부여군 규암면 노화리 일반 325-1, ",부여군 농식품교육관,부여군농업기술센터,856.23,4,2025.09.22,-
221,예비인증,한국부동산원,주거용 이외,교육연구시설,경기,"경기도 화성시 장지동  일반 920, ",(가칭)동탄11고 외 3교 신축공사 [동탄13중학교],경기도화성오산교육지원청,16109.72,4,2025.09.22,-
222,예비인증,한국생산성본부인증원,주거용 이외,문화 및 집회시설,경기,경기 고양시 일산서구 킨텍스로 217-59,킨텍스 제3전시장 건립공사(3B),킨텍스,17944.69,5,2025.09.22,-
223,예비인증,한국환경건축연구원,주거용 이외,제1종 근린생활시설,경남,"경상남도 하동군 금남면 송문리 일반 804, ",금남면 행정문화복합센터,하동군청,1270.40,4,2025.09.19,-
224,예비인증,한국녹색기후기술원,주거용 이외,자동차 관련 시설,경남,"경상남도 진주시 집현면 신당리, 106번지 외 33필지",진주시 시내버스 공영차고지 조성(관리동),진주시,592.46,5,2025.09.19,-
225,예비인증,한국환경건축연구원,주거용 이외,교육연구시설,전남,"전라남도 여수시 문수동  일반 640-2, ",전남 시청자미디어센터 건립사업,여수시청,3428.45,3,2025.09.19,-
226,예비인증,한국부동산원,주거용 이외,제1종 근린생활시설,전남,"전라남도 영암군 금정면 용흥리 1081-13, ,14,15",금정면 종합복지회관,영암군청,641.19,5,2025.09.19,-
227,예비인증,한국녹색기후기술원,주거용 이외,제1종 근린생활시설,충남,"충청남도 태안군 태안읍 동문리 481-12, 외 3필지",태안읍 수산물특화 상생교류거점,태안군청,1988.68,3,2025.09.19,-
228,예비인증,한국녹색기후기술원,주거용 이외,문화 및 집회시설,경기,경기 동두천시 생연로 139,동두천 소리이음마당 조성사업,동두천시청,2994.52,3,2025.09.19,-
229,예비인증,한국녹색기후기술원,주거용 이외,제1종 근린생활시설,대구,대구 달성군 화원읍 류목정길 42,설화마을 눈꽃마실터,달성군청,705.04,5,2025.09.19,-
230,예비인증,한국부동산원,주거용,공동주택,경남,"경상남도 밀양시 부북면 전사포리, 밀양부북 공공주택지구 A-1BL",밀양부북 A-1BL 공동주택,(주)비에스한양,95889.01,5,2025.09.19,-
231,예비인증,한국부동산원,주거용,공동주택,경남,"경상남도 밀양시 부북면 전사포리, 밀양부북 S-2BL",밀양부북 S-2BL 공동주택,(주)비에스한양,46634.52,5,2025.09.19,-
232,본인증,한국생산성본부인증원,주거용 이외,운동시설,경북,경북 봉화군 석포면 승부길 9-61,석포 주민생활체육센터,봉화군청,994.56,5,2025.09.18,-
233,예비인증,한국환경건축연구원,주거용 이외,국방·군사시설,강원,"강원특별자치도 속초시 대포동  753-1, ",외옹치소초 병영생활관,국방시설본부,835.80,5,2025.09.18,-
234,예비인증,한국부동산원,주거용 이외,교육연구시설,경기,"경기도 성남시  분당구 판교동  일반 493, 번지",KAIST 김재철AI대학원 건립사업,한국과학기술원(KAIST),18224.89,4,2025.09.18,-
235,예비인증,한국녹색기후기술원,주거용 이외,교육연구시설,울산,"울산광역시 북구 중산동 , 산 29번지 일원",수소전기차 안전인증센터,울산광역시,4550.49,2,2025.09.18,-
236,예비인증,한국녹색기후기술원,주거용 이외,제1종 근린생활시설,광주,광주 남구 백양로 37,"백운광장 공영주차장 및 로컬푸드직매장, 도시재생어울림센터",광주광역시 남구청,6736.03,5,2025.09.18,-
237,예비인증,한국녹색기후기술원,주거용 이외,장례시설,광주,"광주광역시 북구 동림동  일반 512-4, ",동림동 00장례식장,(주)명복장례문화원,4685.51,5,2025.09.18,-
238,예비인증,한국녹색기후기술원,주거용 이외,노유자시설,대구,대구 중구 공평로4길 24-7,대구 중구시니어클럽 신축공사,대구광역시 중구청,1510.70,4,2025.09.18,-
239,예비인증,한국부동산원,주거용 이외,업무시설,강원,"강원특별자치도 태백시 황지동 , 212-1, 621-209",태백소방서(신축),강원특별자치도청,3894.07,4,2025.09.17,-
240,예비인증,한국부동산원,주거용 이외,운동시설,경남,"경상남도 밀양시 부북면 감천리 261-5, 일원",밀양나노국가산업단지 국민체육센터,밀양시,3125.46,3,2025.09.17,-
241,예비인증,한국생산성본부인증원,주거용 이외,제2종 근린생활시설,전남,전남 진도군 고군면 진도대로 30,고군농공단지 청년문화센터,진도군청,1264.09,4,2025.09.17,-
242,예비인증,한국환경건축연구원,주거용 이외,제2종 근린생활시설,충남,"충청남도 논산시 연무읍 황화정리 일반 859-44, 외 8필지",선샤인랜드 복합문화공간,논산시청,856.12,5,2025.09.17,-
243,예비인증,한국생산성본부인증원,주거용 이외,국방·군사시설,경기,"경기도 성남시  분당구 율동  일반 222, 외 1필지(산 22)", 24-D-00부대(B553) 의무사 간부숙소,국방시설본부,3443.57,4,2025.09.17,-
244,예비인증,한국건설생활환경시험연구원,주거용 이외,제1종 근린생활시설,부산,경북 포항시 남구 오천읍 남원로 43,포항 도농공감활력센터,포항시청,654.49,5,2025.09.17,-
245,예비인증,한국녹색기후기술원,주거용 이외,제1종 근린생활시설,서울,"서울특별시 성동구 용답동  일반 228-5, ",서울용답동우체국,서울지방우정청,553.06,5,2025.09.17,-
246,본인증,한국녹색기후기술원,주거용 이외,교육연구시설,세종,"세종특별자치시 세종시 집현동  789-7, ",수자원 위성센터,한국수자원공사,3191.45,5,2025.09.16,-
247,예비인증,한국부동산원,주거용 이외,문화 및 집회시설,강원,"강원특별자치도 원주시 태장동  일반, 1191번지 일원(캠프롱 문화체육공원 내)",태장복합체육센터 조성사업,원주시청,7256.45,4,2025.09.16,-
248,예비인증,한국생산성본부인증원,주거용 이외,숙박시설,충남,"충청남도 부여군 은산면 가중리 일반 562, 충청남도 부여군 은산면 가중리 562번지",부여군 은산산업단지 근로자 공동기숙사,충청남도 부여군,752.22,3,2025.09.16,-
249,예비인증,한국환경건축연구원,주거용 이외,국방·군사시설,경기,"경기도 양주시 남면 매곡리 186-6, 일원",24D 00부대 설계용역(B524) 실내체육관 신축(1군단 1포병여단 2포병단),국방시설본부,1016.40,5,2025.09.16,-
250,예비인증,한국환경건축연구원,주거용 이외,국방·군사시설,경기,"경기도 파주시 적성면 어유지리 15, 일원",24D 00부대 설계용역(B524) 실내체육관 신축(25사단 71여단본부),국방시설본부,990.00,5,2025.09.16,-
251,예비인증,한국환경건축연구원,주거용 이외,국방·군사시설,경기,"경기도 양주시 봉양동  일반 705-1, 일원",24D 00부대 설계용역(B524) 실내체육관 신축(7군단 8사단 60여단본부),국방시설본부,1871.60,5,2025.09.16,-
252,예비인증,한국환경건축연구원,주거용 이외,국방·군사시설,경기,"경기도 파주시 법원읍 웅담리 일반 426-1, 일원",24D 00부대 설계용역(B524) 실내체육관 신축(25사단 72여단본부),국방시설본부,1870.00,5,2025.09.16,-
253,예비인증,한국환경건축연구원,주거용 이외,교육연구시설,울산,"울산광역시 중구 복산동  일반 681, 번지 일원(우정혁신지구내)",영남권 숙련기술진흥원 건립공사,한국산업인력공단 글로벌숙련기술진흥원,7807.52,4,2025.09.16,-
254,예비인증,한국녹색기후기술원,주거용 이외,업무시설,서울,"서울특별시 은평구 응암동  768-1,  ",응암제2동 복합문화센터,은평구청,3382.25,3,2025.09.16,-
255,예비인증,한국건설생활환경시험연구원,주거용 이외,운동시설,경남,"경상남도 의령군 부림면 신반리, 897~903, 905",부림 신반체육공원 조성사업(운동시설),의령군청,731.28,5,2025.09.15,-
256,예비인증,한국녹색기후기술원,주거용 이외,교육연구시설,전남,전남 여수시 돌산읍 강남로 20,수산물 안전센터 건립사업,여수시(산업지원과),899.49,4,2025.09.15,-
257,예비인증,한국녹색기후기술원,주거용 이외,교육연구시설,전북,전북특별자치도 남원시 광천북길 229-11,남원여고 본관동 그린스마트스쿨,전북특별자치도남원교육지원청,3857.04,4,2025.09.12,-
258,예비인증,한국환경건축연구원,주거용 이외,관광 휴게시설,경남,경남 사천시 용현면 사천대교로 75-63,사천시 선상지 테마 관광명소 조성사업,사천시청,1262.64,4,2025.09.12,-
259,예비인증,한국건설생활환경시험연구원,주거용 이외,문화 및 집회시설,경남,"경상남도 창원시  의창구 사림동  168-3, ",사림동 예식장 신축공사,주식회사 세명홀딩스,8633.77,5,2025.09.12,-
260,예비인증,한국건설생활환경시험연구원,주거용 이외,제1종 근린생활시설,전남,"전라남도 보성군 미력면 도개리 일반 954-1, 번지",미력 농공단지 청년문화센터(비주거),보성군청,1359.90,5,2025.09.12,-
261,예비인증,한국녹색기후기술원,주거용 이외,제1종 근린생활시설,전남,전남 광양시 수동3길 18,골약동 다목적회관 건립사업,광양시청,627.33,3,2025.09.12,-
262,예비인증,한국녹색기후기술원,주거용 이외,제2종 근린생활시설,대전,"대전광역시 동구 효동  152-10, 일대",대전광역시 동구 천동3구역 IV-3구역 신축공사,(주)해성종합개발,5140.86,5,2025.09.12,-
263,예비인증,한국건설생활환경시험연구원,주거용 이외,교육연구시설,인천,"인천광역시 부평구 십정동  일반 186-519, 외 1필지",부평서중ㆍ서여중 통합 및 공간재구조화 증개축공사,인천광역시북부교육지원청,9995.95,4,2025.09.12,-
264,예비인증,한국건설생활환경시험연구원,주거용 이외,제1종 근린생활시설,부산,"부산광역시 해운대구 반여동  1602-3, 번지, 1602-4번지",부산광역시 해운대구 반여 문화놀이터 신축공사,해운대구청,705.6,5,2025.09.12,-
265,예비인증,한국녹색기후기술원,주거용 이외,제1종 근린생활시설,서울,"서울특별시 강동구 길동  일반 27, ",길동파출소,서울경찰청,512.49,4,2025.09.12,-
266,예비인증,한국환경건축연구원,주거용 이외,제1종 근린생활시설,전북,전북특별자치도 부안군 진서면 청자로 926,진서면 청사,부안군청,983.53,4,2025.09.11,-
267,예비인증,한국환경건축연구원,주거용 이외,국방·군사시설,경기,"경기도 포천시 자작동  일반 351-1, 등 4필지",5군단 15항공단 201항공대대 행정동,국방시설본부,2320.17,5,2025.09.11,-
268,예비인증,한국환경건축연구원,주거용 이외,국방·군사시설,경기,"경기도 포천시 자작동  일반 351-1, 등 4필지",5군단 15항공단 본부 행정동,국방시설본부,1572.61,5,2025.09.11,-
269,예비인증,한국생산성본부인증원,주거용 이외,제2종 근린생활시설,광주,광주 서구 유림로50번길 1,푸른길정형외과,(주)케이앤제이,3839.88,5,2025.09.11,-
270,예비인증,한국환경건축연구원,주거용 이외,노유자시설,인천,"인천광역시 미추홀구 주안동  일반 20  -1   , ",주안동 노인복지센터 증축,롯데쇼핑,3309.28,4,2025.09.11,-
271,예비인증,한국교육녹색환경연구원,주거용 이외,교육연구시설,전북,전북특별자치도 전주시 완산구 홍산로 111,구암초 후관동 그린스마트스쿨 증축공사,전북특별자치도 군산교육지원청,4910.40,4,2025.09.10,-
272,예비인증,한국환경건축연구원,주거용 이외,노유자시설,제주,"제주특별자치도 서귀포시 대정읍 상모리 일반 2123, 외 2필지",우명창 노인복지관(서부권역) 건립사업,제주특별자치도서귀포시노인복지과,1240.98,3,2025.09.10,-
273,예비인증,한국녹색기후기술원,주거용 이외,노유자시설,경남,"경상남도 합천군 합천읍 합천리 일반 377-5, ",합천읍 농촌중심지활성화사업 아이좋아플랫폼,합천군청,1682.83,4,2025.09.10,-
274,예비인증,한국환경건축연구원,주거용 이외,관광 휴게시설,전남,"전라남도 진도군 지산면 가학리 산 28-1, 외 3필지",세방낙조 아트문화 관광명소 조성사업,진도군청,3510.83,+,2025.09.10,-
275,예비인증,한국부동산원,주거용 이외,제1종 근린생활시설,충남,"충청남도 청양군 운곡면 신대리 607-11, 외 4필지",운곡면 기초생활거점조성사업,청양군,655.94,4,2025.09.10,-
276,예비인증,한국환경건축연구원,주거용 이외,제1종 근린생활시설,충북,"충청북도 청주시  서원구 모충동  일반 246-1, ",모충동 드림플래닛 조성사업,청주시청,2262.04,4,2025.09.10,-
277,예비인증,한국부동산원,주거용 이외,제1종 근린생활시설,광주,"광주광역시 광산구 장덕동  일반, 1303번지",POST TOWER 광주수완,우정사업조달센터,35677.09,5,2025.09.10,-
278,예비인증,한국녹색기후기술원,주거용 이외,노유자시설,인천,"인천광역시 옹진군 영흥면 내리 일반 202-1, 외 2필지 (202-2, 203-4)",옹진군 노인복지관,옹진군청,1288.97,4,2025.09.10,-
279,본인증,한국생산성본부인증원,주거용 이외,업무시설,대구,"대구광역시 달성군 유가읍 쌍계리 일반, ",대구 공공시설,(주)대아건설,0,4,2025.09.09,-
280,예비인증,한국생산성본부인증원,주거용 이외,문화 및 집회시설,전북,전북특별자치도 전주시 덕진구 기린대로 451,전주전시컨벤션센터,전주시청,83179.21,4,2025.09.09,-
281,예비인증,한국교육녹색환경연구원,주거용 이외,교육연구시설,충북,"충청북도 충주시 용탄동  일반 87, 외 4필지",친환경 미생물 배양시설,충청북도청,810.58,5,2025.09.09,-
282,본인증,한국녹색기후기술원,주거용 이외,교육연구시설,경북,경북 경산시 남산면 하대2길 32-7,경북온라인학교,경상북도교육청,837.40,3,2025.09.08,-
283,예비인증,한국녹색기후기술원,주거용 이외,공장,전북,"전북특별자치도 남원시 노암동  일반 867-3, 번지, (노암 제3농공단지)",(가칭)남원 천연물 바이오소재 융합센터,남원시청,3183.44,5,2025.09.08,-
284,예비인증,한국부동산원,주거용 이외,문화 및 집회시설,경북,"경상북도 경산시 계양동  602-15, 일원",경산 상방공원 민간공원조성 특례사업 문화예술회관,상방공원피에프브이,9664.86,4,2025.09.08,-
285,본인증,한국환경건축연구원,주거용 이외,숙박시설,전북,"전북특별자치도 임실군 오수면 금암리 일반 468-1, 외 16필지",전라북도 국제양궁장 전지훈련센터,임실군청,1217.72,4,2025.09.05,-
286,본인증,한국생산성본부인증원,주거용 이외,업무시설,충남,충남 청양군 청양읍 칠갑산로4길 25-7,청양군 다목적회관,청양군,2457.67,4,2025.09.05,-
287,예비인증,한국녹색기후기술원,주거용 이외,교육연구시설,전북,전북특별자치도 군산시 팔마로 177,군산고등학교 과학관 및 음악관,전북특별자치도 군산교육지원청,3621.08,4,2025.09.05,-
288,예비인증,한국환경건축연구원,주거용 이외,교육연구시설,전북,"전북특별자치도 익산시 함열읍 다송리 일반 844-7, ",익산 교통안전체험교육센터 건립사업 ,한국교통안전공단,2542.24,4,2025.09.05,-
289,예비인증,한국녹색기후기술원,주거용 이외,업무시설,경북,"경상북도 울진군 기성면 정명리 162-1, 외 18필지",국립동해안 산불방지센터,남부지방산림청,1674.34,1,2025.09.05,-
290,예비인증,한국녹색기후기술원,주거용 이외,국방·군사시설,충남,"충청남도 천안시  서북구 성환읍 학정리 일반 877, 외 2필지",제3탄약창 취사식당,국방시설본부 충청시설단,984.13,4,2025.09.05,-
291,예비인증,한국건설생활환경시험연구원,주거용 이외,운동시설,충북,충북 청주시 서원구 구룡산로 10,서원 국민체육센터 ,청주시청,3285.86,4,2025.09.05,-
292,예비인증,한국건설생활환경시험연구원,주거용 이외,업무시설,경기,"경기도 성남시  중원구 여수동  374, ",여수동 보훈회관,성남시청,5293.63,4,2025.09.05,-
293,예비인증,한국건설생활환경시험연구원,주거용 이외,문화 및 집회시설,대전,대전 유성구 대덕대로 481,복합과학체험랜드조성사업,국립중앙과학관,10002.05,4,2025.09.05,-
294,예비인증,한국녹색기후기술원,주거용 이외,노유자시설,전북,전북특별자치도 부안군 변산면 지서1길 11,부안 학교복합시설(변산 돌봄문화센터),부안군청,2388.89,4,2025.09.04,-
295,예비인증,한국부동산원,주거용 이외,국방·군사시설,강원,"강원특별자치도 동해시 용정동 , 및 송정동 일대",24-N-해상작전헬기 2차 시설사업(3001) B지역  지원시설,국방시설본부,3826.73,5,2025.09.04,-
296,예비인증,한국부동산원,주거용 이외,국방·군사시설,강원,"강원특별자치도 동해시 용정동 , 및 송정동 일대",24-N-해상작전헬기 2차 시설사업(3001) A지역 정비고,국방시설본부,5359.65,5,2025.09.04,-
297,예비인증,한국부동산원,주거용 이외,국방·군사시설,강원,"강원특별자치도 동해시 용정동 , 및 송정동 일대",24-N-해상작전헬기 2차 시설사업(3001) A지역 통합본관,국방시설본부,3307.89,5,2025.09.04,-
298,예비인증,한국환경건축연구원,주거용 이외,제1종 근린생활시설,경북,"경상북도 김천시 신음동  일반 200-22, (전) 외 3필지",김천시 농촌신활력플러스사업 웰라이프 파밍필드	,한국농어촌공사 경북지역본부,807.65,5,2025.09.03,-
299,예비인증,한국부동산원,주거용 이외,노유자시설,충남,"충청남도 홍성군 장곡면 도산리 511, ",홍성군 농촌돌봄마을 (면소재지 거점),홍성군청,2668.31,4,2025.09.03,-
300,예비인증,한국부동산원,주거용 이외,자동차 관련 시설,경기,"경기도 남양주시 별내동  일반 982, (별내역사 후면 주차장16)",별내역 환승시설(주차장),한국토지주택공사,8885.39,1,2025.09.03,-
301,예비인증,한국부동산원,주거용 이외,업무시설,서울,"서울특별시 중구 을지로3가  일반 5-1, 일원",을지로3가구역 제9지구 업무시설,주식회사을지로나인피에프브이,27675.939,5,2025.09.03,-
302,예비인증,한국녹색기후기술원,주거용 이외,제1종 근린생활시설,경남,경남 밀양시 청도면 청도로 100,경상남도 밀양시 청도면 어울림 복합센터 건립사업,밀양시청,1389.53,5,2025.09.02,-
303,예비인증,한국건설생활환경시험연구원,주거용 이외,수련시설,대구,"대구광역시 동구 괴전동  일반 2, 외 41필지",국립청소년 진로직업체험수련원,여성가족부,10261.37,4,2025.09.02,-
304,예비인증,한국교육녹색환경연구원,주거용,"임대주택(영구, 국민, 공공)",경남,"경상남도 하동군 하동읍 비파리 일반 313-7, 외 3필지",하동 청년타운,하동군청,2524.53,5,2025.09.02,-
305,예비인증,한국환경건축연구원,주거용,공동주택,경기,"경기도 수원시  권선구 당수동 , 440전 일원(수원당수 공공주택지구 내 B-2BL)",수원당수 B-2BL 공공주택 건설사업,한국토지주택공사,52482.78,5,2025.09.02,-
306,예비인증,한국부동산원,주거용 이외,제1종 근린생활시설,충남,"충청남도 홍성군 장곡면 천태리 630-5, ",홍성군 농촌돌봄마을 (반계 거점),홍성군청,1191.93,4,2025.09.01,-
307,예비인증,한국녹색기후기술원,주거용 이외,노유자시설,충북,"충청북도 청주시  흥덕구 신봉동  일반 500-번, 외 4필지 (500-2, 500-4,526-1,526-5) ",장애인 디지털 빌리지,청주시청(장애인복지과),966.69,4,2025.09.01,-
308,예비인증,한국부동산원,주거용 이외,교육연구시설,인천,인천 미추홀구 도화동 272,제물포 영스퀘어,인천도시공사,9552.45,4,2025.09.01,-
309,예비인증,한국녹색기후기술원,주거용 이외,교육연구시설,대구,대구 수성구 달구벌대로 2552,제이제이타워 신축공사,주식회사 제이제이리테일,6003.66,5,2025.09.01,-
310,예비인증,한국녹색기후기술원,주거용 이외,업무시설,경기,경기 수원시 팔달구 인계로124번길 41-12,"수원시 팔달구 인계동 1041-7,8 오피스텔 신축공사 ",주식회사 하이안종합건설,8319.988,5,2025.08.29,-
311,본인증,한국녹색기후기술원,주거용 이외,문화 및 집회시설,강원,"강원특별자치도 평창군 대관령면 횡계리 일반 707, 710",평창ICT센터,평창군청,4233.68,4,2025.08.28,-
312,예비인증,한국녹색기후기술원,주거용 이외,묘지 관련 시설,경남,"경상남도 거창군 남하면 대야리 일반 1228-46, 외 13필지",거창군 화장시설,거창군청,2992.07,4,2025.08.28,-
313,예비인증,한국녹색기후기술원,주거용 이외,교육연구시설,경북,경북 안동시 경동로 1375,국립경국대학교 동물백신 실증센터 신축공사,국립경국대학교,1289.77,3,2025.08.28,-
314,예비인증,한국녹색기후기술원,주거용 이외,공장,경북,"경상북도 안동시 풍산읍 매곡리 일반, 경북바이오2차 일반산업단지 1166",안동 바이오·백신 오픈이노베이션센터,안동시청,4061.61,5,2025.08.28,-
315,예비인증,한국생산성본부인증원,주거용 이외,노유자시설,충남,"충청남도 아산시 둔포면 둔포리 111 -6   , 외 5필지",북부권 키즈앤맘센터 건립사업,아산시청,2310.68,3,2025.08.28,-
316,예비인증,한국환경건축연구원,주거용 이외,교육연구시설,충남,"충청남도 서천군 장항읍 옥남리 일반, 1044번지",해양바이오 인증지원센터,서천군청,3912.06,2,2025.08.28,-
317,예비인증,한국환경건축연구원,주거용 이외,문화 및 집회시설,충북,"충청북도 청주시  흥덕구 석소동  일반 130-1, 번지 일원",청주 다목적 실내체육관 건립사업,청주시청,16978.59,4,2025.08.28,-
318,예비인증,한국생산성본부인증원,주거용 이외,국방·군사시설,대전,"대전광역시 유성구 수남동  일반 111, 외 368 필지",국방우주분석실험동,국방과학연구소,3078.11,5,2025.08.28,-
319,예비인증,한국녹색기후기술원,주거용 이외,교육연구시설,대전,"대전광역시 유성구 구성동  일반 23, 외 11필지",KAIST 양자팹 연구동,한국과학기술원(KAIST),2497.51,2,2025.08.28,-
320,예비인증,한국녹색기후기술원,주거용 이외,노유자시설,대전,"대전광역시 중구 선화동  일반 381-108, 번지 외 18필지",청소년종합복지센터(공공통합실내놀이터)건립 공사,대전광역시 중구청,3966.26,4,2025.08.28,-
321,예비인증,한국부동산원,주거용,공동주택,경기,"경기도 평택시 고덕동  2690-1, 고덕국제화계획지구 내 A-56BL",평택고덕 A-56BL 민간참여 공공주택 건설사업,대우건설,198271.65,4,2025.08.28,-
322,예비인증,한국부동산원,주거용 이외,제1종 근린생활시설,전남,전남 강진군 대구면 수동길 18,대구면 기초생활거점 조성사업 (복합문화센터),강진군청 농어촌개발과,1189.46,4,2025.08.27,-
323,예비인증,한국생산성본부인증원,주거용 이외,수련시설,전남,전남 강진군 강진읍 청렴길 1,다산청렴연수원 생활관,다산박물관,3314.79,4,2025.08.27,-
324,예비인증,한국건설생활환경시험연구원,주거용 이외,노유자시설,충남,"충청남도 금산군 금산읍 아인리 산 31-1, ",금산 통합돌봄 복지마을 조성사업,충청남도개발공사,2041.39,4,2025.08.27,-
325,예비인증,한국부동산원,주거용 이외,업무시설,충북,충북 청주시 흥덕구 사운로 216,운천신봉동 행정복지센터,청주시청,2204.78,4,2025.08.27,-
326,예비인증,한국부동산원,주거용 이외,문화 및 집회시설,광주,광주 서구 학생독립로 30,광주민주주의 역사누리터,광주광역시교육청,1822.48,2,2025.08.27,-
327,예비인증,한국환경건축연구원,주거용 이외,교육연구시설,인천,인천 미추홀구 석정로 165,그린스마트스쿨 인천소방고 임대형 민자사업(BTL),인천광역시교육청,9258.08,3,2025.08.27,-
328,예비인증,한국환경건축연구원,주거용 이외,운동시설,강원,강원특별자치도 삼척시 뒷나루길 154,삼척 반다비 체육센터,삼척시청,2406.00,4,2025.08.26,-
329,예비인증,한국교육녹색환경연구원,주거용 이외,국방·군사시설,강원,강원특별자치도 철원군 근북면 금강산로 2389,5군단 3사단 22-2대대 8소초 병영생활관,국방시설본부,1944.54,5,2025.08.26,-
330,예비인증,한국교육녹색환경연구원,주거용 이외,국방·군사시설,강원,"강원특별자치도 철원군 김화읍 읍내리 일반, 49,49-2,50번지",5군단 3사단 18-3대대 15소초 병영생활관,국방시설본부,947.76,5,2025.08.26,-
331,예비인증,한국녹색기후기술원,주거용 이외,제1종 근린생활시설,충북,"충청북도 보은군 보은읍 장신리 일반 54-3, ",보은군 보훈회관,보은군청,982.05,4,2025.08.26,-
332,예비인증,한국환경건축연구원,주거용 이외,교육연구시설,경기,"경기도 수원시  권선구 당수동  330-3, 일원",(가칭)수원제일중학교,수원교육지원청,9893.87,4,2025.08.26,-
333,예비인증,한국교육녹색환경연구원,주거용 이외,공장,대구,"대구광역시 달서구 월암동  1-215, ",대구 성서 휴폐업공장 리모델링 공사,한국산업단지공단,1691.87,5,2025.08.26,-
334,본인증,한국부동산원,주거용,"임대주택(영구, 국민, 공공)",서울,"서울특별시 송파구 풍납동  일반 227-3, 번지",서도휴빌,(주)서도건설,3815.99,4,2025.08.25,-
335,예비인증,한국환경건축연구원,주거용 이외,국방·군사시설,경북,"경상북도 포항시  남구 오천읍 용덕리, 216-1번지 외 12필지",해병1사단 간부숙소,국방시설본부,3751.00,4,2025.08.25,-
336,예비인증,한국건설생활환경시험연구원,주거용 이외,문화 및 집회시설,경기,"경기도 안산시  상록구 본오동  665-55, ",경기지방정원 방문자센터 및 정원지원센터,경기도청,3912.00,2,2025.08.25,-
337,예비인증,한국건설생활환경시험연구원,주거용 이외,제1종 근린생활시설,강원,"강원특별자치도 춘천시 퇴계동  1245, ",퇴계119안전센터,강원특별자치도청,985.56,5,2025.08.22,-
338,예비인증,한국건설생활환경시험연구원,주거용 이외,국방·군사시설,전남,"전라남도 장성군 삼서면 학성리, 232 외 417필지",육군 장성 교육시설 민간투자시설사업(공병학교),국방시설본부,7603.28,4,2025.08.22,-
339,예비인증,한국건설생활환경시험연구원,주거용 이외,국방·군사시설,전남,"전라남도 장성군 삼서면 학성리, 232 외 417필지",육군 장성 교육시설 민간투자시설사업(기계화+화생방학교),국방시설본부,10326.79,4,2025.08.22,-
340,예비인증,한국건설생활환경시험연구원,주거용 이외,교육연구시설,충남,"충청남도 아산시 초사동  일반 423, 외 12필지",경찰수사연수원 강의동 및 제3생활관동,경찰수사연수원,16090.42,4,2025.08.22,-
341,예비인증,한국건설생활환경시험연구원,주거용 이외,제1종 근린생활시설,경기,경기 광주시 광주대로 171,광주소방서 송정119 안전센터 신축공사,경기도소방재난본부,998.86,3,2025.08.22,-
342,예비인증,한국생산성본부인증원,주거용 이외,교육연구시설,울산,"울산광역시 울주군 범서읍 서사리 일반 252, 번지 일원",가칭)서사중학교,울산광역시교육청,14136.99,4,2025.08.22,-
343,예비인증,한국녹색기후기술원,주거용 이외,노유자시설,울산,"울산광역시 울주군 범서읍 굴화리 일반 752-5, ",우리동네 통합키움센터,울주군청,575.37,5,2025.08.22,-
344,예비인증,한국교육녹색환경연구원,주거용 이외,업무시설,서울,"서울특별시 중구 황학동  일반 1591, 외 10필지",황학동 1591외 10필지 업무시설,은린개발주식회사,7294.2,5,2025.08.22,-
345,예비인증,한국건설생활환경시험연구원,주거용 이외,교육연구시설,서울,"서울특별시 성북구 안암동5가  일반 126-16, 외 36필지",고려대학교 자연계 중앙광장 신축공사,고려대학교,37504.06,5,2025.08.22,-
346,예비인증,한국녹색기후기술원,주거용 이외,교육연구시설,제주,"제주특별자치도 서귀포시 표선면 표선리 일반 1410-1   , ",세종학생해양수련원 ,세종특별자치시교육청,5614.55,4,2025.08.21,-
347,예비인증,한국녹색기후기술원,주거용 이외,교육연구시설,경북,"경상북도 안동시 수상동  일반 5-1, ",경북교육역사관 건립공사,경상북도교육청,3191.46,3,2025.08.21,-
348,예비인증,한국환경건축연구원,주거용 이외,교육연구시설,충남,"충청남도 천안시  동남구 원성동  일반 460-1, ",천안중앙고등학교 1동교사 공간재구조화사업,충청남도천안교육지원청,10309.87,4,2025.08.21,-
349,예비인증,한국환경건축연구원,주거용 이외,교육연구시설,경기,"경기도 이천시 백사면 신대리 일반 20-1, ",백사중학교 증축공사,신안건설산업(주),3297.43,4,2025.08.21,-
350,예비인증,한국교육녹색환경연구원,주거용 이외,교육연구시설,경기,경기 시흥시 서울대학로 173,재외동포교육문화센터,재외동포협력센터,7063.01,4,2025.08.21,-
351,예비인증,한국생산성본부인증원,주거용 이외,교육연구시설,울산,울산 남구 중앙로166번길 51,"강남초 그린스마트스쿨 개축공사(교사동,양궁장)",울산광역시교육청,6536.85,4,2025.08.21,-
352,예비인증,한국부동산원,주거용 이외,업무시설,서울,"서울특별시 성북구 정릉동  일반 966-125, , 966-337, 465-5",정릉2동 주민센터 공용청사	,성북구청,1693.34,4,2025.08.21,-
353,예비인증,한국녹색기후기술원,주거용 이외,교육연구시설,서울,서울 관악구 낙성대로 23,서울인헌초 그린스마트 미래학교 증개축공사,서울특별시동작관악교육지원청,11709.44,4,2025.08.21,-
354,예비인증,한국건설생활환경시험연구원,주거용 이외,업무시설,서울,서울 동대문구 장한로 77,장안동 374-3 오피스텔,은린개발주식회사,32638.39,5,2025.08.21,-
355,예비인증,한국녹색기후기술원,주거용,"임대주택(영구, 국민, 공공)",전남,"전라남도 곡성군 곡성읍 읍내리 494, 외 5필지",곡성형 청년하우징타운 조성사업,전남곡성군청,3549.0200,5,2025.08.21,-
356,예비인증,한국부동산원,주거용 이외,교육연구시설,강원,강원특별자치도 태백시 황지로 78,광산안전교육관,한국광해광업공단,837.5,3,2025.08.20,-
357,예비인증,한국부동산원,주거용 이외,교육연구시설,경남,경남 진주시 문산읍 월아산로 991,진주 그린바이오 벤처캠퍼스,진주시청,5728.51,2,2025.08.20,-
358,예비인증,한국부동산원,주거용 이외,문화 및 집회시설,전남,"전라남도 해남군 산이면 상공리 일반, 1147",탄소중립 에듀센터 건립사업,환경부,4932.05,+,2025.08.20,-
359,예비인증,한국생산성본부인증원,주거용 이외,교육연구시설,경남,경남 창원시 성산구 충혼로201번길 7-20,(가칭)보람유치원,경상남도창원교육지원청,2095.60,4,2025.08.19,-
360,예비인증,한국부동산원,주거용 이외,교육연구시설,경남,경남 진주시 진주대로 501,전남대학교 외 1교 생활관 임대형 민자사업-경상국립대학교,전남경상보금자리 주식회사,7287.51,4,2025.08.19,-
361,예비인증,한국환경건축연구원,주거용 이외,관광 휴게시설,경남,"경상남도 합천군 대병면 유전리 산 89-5, 일원",함양울산선 합천호(함양)휴게소 신축,한국도로공사,2538.24,3,2025.08.19,-
362,예비인증,한국환경건축연구원,주거용 이외,교육연구시설,전남,"전라남도 영광군 영광읍 무령리 317-1, ",영광옥당중 공간 재구조화 개축공사,전라남도교육청,4330.02,1,2025.08.19,-
363,예비인증,한국환경건축연구원,주거용 이외,노유자시설,경기,"경기도 안산시  단원구 초지동  일반 606-1, ",복합 노인복지센터,안산시청,3357.57,4,2025.08.19,-
364,예비인증,한국부동산원,주거용 이외,제2종 근린생활시설,서울,서울 중구 다산로 128-12,신당동369-37번지 oo빌딩 신축공사,(주)마이컴피앤씨,1247.10,5,2025.08.19,-
365,예비인증,한국부동산원,주거용,공동주택,경기,"경기도 수원시  장안구 율전동  294-2, 번지",경기도 수원시 장안구 율전동 294-2 신축계획안,성환이앤씨주식회사,6195.56,4,2025.08.19,-
366,예비인증,한국교육녹색환경연구원,주거용 이외,교육연구시설,전남,전남 여수시 대학로 50,전남대학교 외 1교 생활관 임대형 민자사업-전남대학교,전남경상보금자리 주식회사,9810.63,5,2025.08.18,-
367,예비인증,한국녹색기후기술원,주거용 이외,교육연구시설,부산,부산 남구 유엔로25번길 66,신연초등학교,부산남부교육지원청,7007.22,4,2025.08.18,-
368,예비인증,한국생산성본부인증원,주거용 이외,교육연구시설,경남,경남 함안군 군북면 덕대길 26-16,군북초등학교 다목적강당 및 급식소 증축공사,함안교육지원청,1192.43,4,2025.08.14,-
369,예비인증,한국교육녹색환경연구원,주거용 이외,노유자시설,울산,"울산광역시 중구 성남동  일반 219-200, ",청소년 문화회관 건립공사,울산광역시,9417.688,4,2025.08.14,-
370,예비인증,한국건설생활환경시험연구원,주거용 이외,제1종 근린생활시설,대구,"대구광역시 달서구 상인동  일반 1526-1, ",상인동 1526-1 근린생활시설,(주)제이홍,4398.44,5,2025.08.14,-
371,예비인증,한국환경건축연구원,주거용 이외,업무시설,서울,서울 도봉구 방학로2길 27,방학1동 주민센터,도봉구청,2408.74,4,2025.08.14,-
372,예비인증,한국녹색기후기술원,주거용 이외,업무시설,서울,서울 동작구 노량진로 223,"서울시 동작구 본동 360-9,360-2,361-2 신축공사(비주거)",주식회사도시계획,2714.40,5,2025.08.14,-
373,예비인증,한국녹색기후기술원,주거용,공동주택,서울,서울 동작구 노량진로 223,"서울시 동작구 본동 360-9,360-2,361-2 신축공사(주거)",주식회사도시계획,2714.40,5,2025.08.14,-
374,예비인증,한국생산성본부인증원,주거용 이외,교육연구시설,전북,전북특별자치도 전주시 덕진구 백제대로 567,전북대학교 생활관(5차) 임대형 민자사업(BTL),전북누리미래학사(주),16828.07,4,2025.08.13,-
375,예비인증,한국녹색기후기술원,주거용 이외,운동시설,강원,"강원특별자치도 양구군 양구읍 상리 일반 124-6, 외 1필지",스마트 실내 어린이 놀이시설,양구군청,2366.25,3,2025.08.13,-
376,예비인증,한국환경건축연구원,주거용 이외,제2종 근린생활시설,서울,"서울특별시 강동구 길동  일반 12-7, ",동물복지지원센터 강동,도시기반시설본부 건축부,1475.31,4,2025.08.13,-
377,본인증,한국건설생활환경시험연구원,주거용 이외,국방·군사시설,경기,"경기도 양평군 옥천면 신복리 일반 876-4, ",7군단 11사단 108기보대대 취사식당,국방시설본부,850.87,3,2025.08.12,-
378,본인증,한국교육녹색환경연구원,주거용 이외,발전시설,세종,세종특별자치시 갈매로 1030,신세종빛드림본부 주제어건물,한국남부발전 신세종빛드림본부,5492.54,4,2025.08.12,-
379,본인증,한국교육녹색환경연구원,주거용 이외,발전시설,세종,세종특별자치시 갈매로 1030,신세종빛드림본부 종합사무실,한국남부발전 신세종빛드림본부,7119.41,4,2025.08.12,-
380,예비인증,한국녹색기후기술원,주거용 이외,업무시설,강원,강원특별자치도 춘천시 영서로 2854,강원특별자치도 교육청 본청 급식소 증축공사,강원특별자치도교육청,1262.26,4,2025.08.12,-
381,예비인증,한국건설생활환경시험연구원,주거용 이외,노유자시설,제주,"제주특별자치도 제주시 아라일동 , 1번지 외 19필지",제주시 아라일동 1번지외 19필지 제주대학교 직장어린이집 신축공사,제주대학교,811.23,5,2025.08.12,-
382,예비인증,한국생산성본부인증원,주거용 이외,교육연구시설,경기,"경기도 수원시  권선구 금곡동 , 1080번지",금곡동 공공도서관,수원시도서관사업소,1694.06,3,2025.08.12,-
383,예비인증,한국부동산원,주거용 이외,교육연구시설,대전,"대전광역시 동구 천동  일반, 92-1번지 일원",(가칭)대전천동중학교 신축공사 설계용역,대전광역시교육청,9331.25,4,2025.08.12,-
384,예비인증,한국생산성본부인증원,주거용,공동주택,서울,서울 동대문구 청계천로 509,맹그로브 용두,퍼시픽맹그로브제82의2호일반사모부동산모투자회사,7523.96,5,2025.08.12,-
385,예비인증,한국건설생활환경시험연구원,주거용 이외,제1종 근린생활시설,경기,"경기도 성남시  분당구 수내동  일반 85,  ",분당경찰서 수내파출소,경기도남부경찰청,606.62,5,2025.08.11,-
386,예비인증,한국건설생활환경시험연구원,주거용 이외,교육연구시설,대전,대전 중구 동서대로 1368,그린스마트스쿨 충남여자중(C동-교사동),대전교육사랑4차 주식회사,6592.44,5,2025.08.11,-
387,예비인증,한국생산성본부인증원,주거용 이외,교육연구시설,인천,인천 부평구 부평대로88번길 19,인천부평동초 공간재구조화 증개축 및 거점형늘봄센터 설치공사(동관동),인천광역시북부교육지원청,4265.88,4,2025.08.11,-
388,예비인증,한국생산성본부인증원,주거용,공동주택,인천,"인천광역시 서구 가정동 , 인천가정2 공공주택지구 내 B-2BL",인천가정2 B-2BL,한국토지주택공사,51660.08,5,2025.08.11,-
389,예비인증,한국환경건축연구원,주거용 이외,문화 및 집회시설,경남,경남 통영시 용남면 장문로 46,통영 목재문화체험장,통영시청,1311.50,4,2025.08.08,-
390,예비인증,한국교육녹색환경연구원,주거용 이외,업무시설,경기,경기 의정부시 평화로439번길 31,의정부시 의정부동 신축공사,(주)이에이치건설,12470.0255,5,2025.08.08,-
391,예비인증,한국건설생활환경시험연구원,주거용 이외,교육연구시설,대전,대전 대덕구 신탄진로 189,그린스마트스쿨 와동초(2동-교사동),대전교육사랑4차 주식회사,2472.47,5,2025.08.08,-
392,예비인증,한국환경건축연구원,주거용 이외,업무시설,경북,경북 고령군 성산면 성산로 897,성산 어울림센터 건립사업,고령군청,1418.47,4,2025.08.07,-
393,예비인증,한국생산성본부인증원,주거용 이외,업무시설,전남,"전라남도 여수시 화정면 백야리 230 , 외 3필지",화정면사무소,여수시청,1359.34,4,2025.08.07,-
394,예비인증,한국생산성본부인증원,주거용 이외,제1종 근린생활시설,충남,"충청남도 태안군 소원면 모항리 일반 1323-237 , 외 4필지",만리포 워케이션 센터,태안군청,621.79,5,2025.08.07,-
395,예비인증,한국녹색기후기술원,주거용 이외,교육연구시설,서울,서울 노원구 공릉로 265,"한천중학교 급식실, 학생식당 및 개방형 도서관",서울특별시북부교육지원청,960.14,5,2025.08.07,-
396,예비인증,한국녹색기후기술원,주거용 이외,제1종 근린생활시설,서울,서울 마포구 월드컵북로6길 29,마포경찰서 연남파출소 신축공사,서울경찰청,845.48,5,2025.08.07,-
397,예비인증,한국생산성본부인증원,주거용 이외,공장,전북,"전북특별자치도 익산시 왕궁면 광암리 일반 1427-2, ",푸드테크 연구지원센터 기본 및 실시설계용역,한국식품산업클러스터진흥원,1499.09,5,2025.08.06,-
398,예비인증,한국환경건축연구원,주거용 이외,문화 및 집회시설,경남,"경상남도 거창군 남상면 월평리 일반 2275, 외 6필지",거창창포원 창포문화관,거창군청,2000.3,4,2025.08.06,-
399,예비인증,한국부동산원,주거용 이외,교육연구시설,광주,광주 서구 염화로 37,화정남초등학교 다목적강당,빛고을중앙공원개발(주),2876.599,4,2025.08.06,-
400,본인증,한국건설생활환경시험연구원,주거용 이외,제1종 근린생활시설,충남,"충청남도 청양군 대치면 주정리 233-1, 외 5필지",칠갑문화센터,청양군청,627.98,4,2025.08.05,-
401,예비인증,한국생산성본부인증원,주거용 이외,교육연구시설,전북,"전북특별자치도 익산시 마동  156-1, 외 3필지",익산 영재발명위센터,전북특별자치도익산교육지원청,3289.03,4,2025.08.05,-
402,예비인증,한국생산성본부인증원,주거용 이외,제1종 근린생활시설,경북,"경상북도 영천시 교촌동  일반 225-4, 외 6필지",새희망 어울림센터  신축공사,영천시청,1361.56,3,2025.08.05,-
403,예비인증,한국녹색기후기술원,주거용 이외,업무시설,서울,서울 강남구 학동로 144,논현동 PCN 사옥 신축공사,(주)피씨엔,3074.23,5,2025.08.05,-
404,예비인증,한국생산성본부인증원,주거용 이외,교육연구시설,강원,"강원특별자치도 평창군 평창읍 하리 일반 259-5, 외 4필지",평창교육도서관,강원특별자치도교육청,2491.27,4,2025.08.04,-
405,예비인증,한국건설생활환경시험연구원,주거용 이외,교육연구시설,서울,서울 은평구 은평로3길 25,역촌초등학교 그린스마트 미래학교(교사동),서울특별시서부교육지원청,13364.49,4,2025.08.04,-
406,예비인증,한국교육녹색환경연구원,주거용 이외,교육연구시설,충북,"충청북도 옥천군 옥천읍 장야리 일반 236, 외 8필지",옥천군 평생교육원,옥천군청,3125.71,4,2025.08.01,-
407,예비인증,한국건설생활환경시험연구원,주거용,공동주택,경북,경북 상주시 동수2길 22,청년 드림하우스 '모락모락',상주시청,1126.14,5,2025.08.01,-
408,예비인증,한국녹색기후기술원,주거용 이외,제1종 근린생활시설,전북,"전북특별자치도 임실군 관촌면 관촌리 328-9, 외 4필지",관촌면 행복누리원,임실군청,2935.41,4,2025.07.31,-
409,예비인증,한국부동산원,주거용 이외,교육연구시설,전북,"전북특별자치도 전주시  일반, 덕진구 덕진동 1가 1200번지 일원",미래교육캠퍼스 건립 설계용역,전북특별자치도교육청,9295.54,4,2025.07.31,-
410,예비인증,한국교육녹색환경연구원,주거용 이외,교육연구시설,강원,강원특별자치도 동해시 해안로 583-13,동해 묵호초등학교 강원형 학교시설,강원특별자치도동해교육지원청,2280.46,4,2025.07.31,-
411,예비인증,한국녹색기후기술원,주거용 이외,제1종 근린생활시설,경북,"경상북도 영천시 교촌동  일반 277, ",별빛커뮤니티센터,영천시청,955.90,5,2025.07.31,-
412,예비인증,한국생산성본부인증원,주거용 이외,교육연구시설,경북,경북 김천시 남김천대로 3363,(가칭)경상북도교육청 미래직업교육관,경상북도교육청,3738.80,4,2025.07.31,-
413,예비인증,한국환경건축연구원,주거용 이외,업무시설,경북,"경상북도 구미시 공단동 , 164번지",구미국가산단 업무문화복합시설 신축공사,(주)코람코자산신탁,15015.68,4,2025.07.31,-
414,예비인증,한국녹색기후기술원,주거용 이외,업무시설,경기,경기 수원시 권선구 경수대로 392,"수원시 권선동 1009-1,2 업무시설 신축공사",주식회사 하이안종합건설,8160.699,4,2025.07.31,-
415,본인증,한국생산성본부인증원,주거용 이외,국방·군사시설,인천,"인천광역시 옹진군 백령면 북포리 297-1, 외 3필지",포병대대 합동사무실,성인종합건설(주),654.16,3,2025.07.30,-
416,예비인증,한국교육녹색환경연구원,주거용 이외,제1종 근린생활시설,전북,"전북특별자치도 순창군 금과면 매우리 158-2, 번지",순창 금과면 기초생활거점센터,한국농어촌공사 순창지사,596.67,4,2025.07.30,-
417,예비인증,한국부동산원,주거용 이외,교육연구시설,강원,"강원특별자치도 강릉시 죽헌동  일반 7, 국립강릉원주대학교 강릉캠퍼스 교내",국립강릉원주대학교 컨벤션센터 신축사업,국립강릉원주대학교,8228.49,4,2025.07.30,-
418,예비인증,한국환경건축연구원,주거용 이외,교육연구시설,강원,"강원특별자치도 영월군 영월읍 덕포리 374,  외 1필지(380)",봉래중 다목적실,강원특별자치도영월교육지원청,588.00,5,2025.07.30,-
419,예비인증,한국녹색기후기술원,주거용 이외,제2종 근린생활시설,경북,"경상북도 문경시 산양면 불암리 일반 260, 외 1필지",문경약돌축산물 육가공센터,문경시청,654.33,4,2025.07.30,-
420,예비인증,한국환경건축연구원,주거용 이외,운동시설,전남,"전라남도 화순군 화순읍 대리 455-14, 외 29필지",화순군 다목적체육관 조성사업,화순군청,3385.53,3,2025.07.30,-
421,예비인증,한국환경건축연구원,주거용 이외,교육연구시설,경기,"경기도 성남시  수정구 금토동 , 464번지 일원",(가칭)금토초등학교,경기도성남교육지원청,12986.14,4,2025.07.30,-
422,예비인증,한국부동산원,주거용 이외,교육연구시설,광주,광주 서구 화개중앙로 48,화개초등학교 유치원,빛고을중앙공원개발(주),1076.67,4,2025.07.30,-
423,예비인증,한국환경건축연구원,주거용 이외,문화 및 집회시설,서울,서울 서대문구 통일로 지하 247,독립의 전당 건립사업,국가보훈부,2551.77,4,2025.07.30,-
424,예비인증,한국부동산원,주거용 이외,교육연구시설,서울,"서울특별시 강남구 논현동  61-5, 외 3필지(4필지)",논현동 61-5외 3필지 복합시설 신축공사,도산케이아이에스제일차(주),15699.81,5,2025.07.29,-
425,예비인증,한국교육녹색환경연구원,주거용 이외,제1종 근린생활시설,전북,"전북특별자치도 정읍시 용계동  353, 외 4필지",정읍시 공공산후조리원,정읍시청,1706.76,4,2025.07.28,-
426,예비인증,한국녹색기후기술원,주거용 이외,업무시설,강원,강원특별자치도 동해시 공단12로 13,동해시 혁신지원센터,동해시청,1894.41,4,2025.07.28,-
427,예비인증,한국녹색기후기술원,주거용 이외,제1종 근린생활시설,강원,"강원특별자치도 인제군 인제읍 남북리 일반 655-1, 번지 일원",갯골 치유의 숲 치유센터 조성공사,인제군청,787.03,4,2025.07.28,-
428,예비인증,한국교육녹색환경연구원,주거용 이외,제1종 근린생활시설,충남,"충청남도 예산군 예산읍 주교리 일반 267-1, ",청년스마트빌리지,예산군청,1094.73,4,2025.07.28,-
429,예비인증,한국환경건축연구원,주거용 이외,문화 및 집회시설,충북,"충청북도 영동군 영동읍 매천리 일반, 레인보우 힐링관광지 D-6 (과일나라테마공원2) 내",곤충생태 체험연구관,영동군청,1473.9600,4,2025.07.28,-
430,예비인증,한국환경건축연구원,주거용 이외,교육연구시설,광주,"광주광역시 광산구 하남동  395, 395-1, 395-7, 395-10, 492-3, 492-8, 산65-3/  장수동 103-4, 105-3, 산3-1",(가칭)광산고등학교 신축공사,광주광역시교육청,8561.30,4,2025.07.28,-
431,예비인증,한국건설생활환경시험연구원,주거용 이외,교육연구시설,전남,"전라남도 나주시 빛가람동  95-1, ",매성중학교 교실 및 기타시설 증축공사(교사동 및 다목적강당),전라남도나주교육지원청,"3,496.60",4,2025.07.25,-
432,예비인증,한국생산성본부인증원,주거용 이외,국방·군사시설,경기,"경기도 파주시 장단면 도라산리 일반 75-8, ",24-D-00부대 설계용역(B597) 병영생활관,국방시설본부,3615.76,5,2025.07.25,-
433,예비인증,한국생산성본부인증원,주거용 이외,교육연구시설,부산,"부산광역시 남구 용당동 , 490-36, 390-34, 490-33, 97(4필지)",경상국립대학교 부산동물병원 신축 임대형 민자사업(BTL),부산동물사랑쉼터(주),9133.87,4,2025.07.25,-
434,예비인증,한국녹색기후기술원,주거용,단독주택,세종,"세종특별자치시 세종시 도담동  529, 번지",세종특별자치시 도담동 529번지 단독주택,최종구,193.54,4,2025.07.25,-
435,본인증,한국환경건축연구원,주거용 이외,제1종 근린생활시설,경남,"경상남도 밀양시 삼랑진읍 삼랑리 일반 413-2, 외 5필지",밀양소방서 삼랑진 119안전센터,경상남도청,997.15,5,2025.07.24,-
436,본인증,한국녹색기후기술원,주거용 이외,방송통신시설,충남,충남 홍성군 홍북읍 첨단산단2길 76,한국도로교통공단 tbn 충남교통방송,충청남도개발공사,2993.91,3,2025.07.24,-
437,본인증,한국교육녹색환경연구원,주거용 이외,국방·군사시설,서울,"서울특별시 강서구 외발산동  254-3, 외 1필지",22-국-OO부대설계용역(B512)_1공수 특전여단,국방시설본부,1658.49,5,2025.07.24,-
438,예비인증,한국부동산원,주거용 이외,교육연구시설,강원,"강원특별자치도 태백시 장성동  98, 외 13필지  (평화길 8-24)",한국 항공고 그린스마트스쿨 조성공사,태백교육지원청,8148.21,4,2025.07.24,-
439,예비인증,한국환경건축연구원,주거용 이외,운동시설,강원,"강원특별자치도 홍천군 남면 양덕원리 347-6, 번지 일원",남면 권역 국민체육센터,홍천군,2105.16,1,2025.07.24,-
440,예비인증,한국녹색기후기술원,주거용 이외,업무시설,울산,"울산광역시 중구 성남동  219-10, ",성남 119안전센터,울산광역시,2383.39,4,2025.07.24,-
441,예비인증,한국녹색기후기술원,주거용,공동주택,강원,"강원특별자치도 화천군 화천읍 신읍리 638-4, 번지 일원",화천통합공공임대주택,화천군청,8635.74,3,2025.07.24,-
442,본인증,한국교육녹색환경연구원,주거용 이외,교육연구시설,충남,충남 아산시 배방읍 이순신대로 813-13,바이오의료종합지원센터,한국산업기술시험원,6506.15,4,2025.07.23,-
443,예비인증,한국교육녹색환경연구원,주거용 이외,업무시설,제주,"제주특별자치도 제주시 연동  일반 324-40, ",연동주민센터 청사,제주특별자치도 제주시청,3970.99,3,2025.07.23,-
444,예비인증,한국녹색기후기술원,주거용 이외,제1종 근린생활시설,경남,"경상남도 남해군 상주면 상주리 산 261 -28  , ",보물섬 인생학교 상주희망센터 건립사업,남해군청,704.67,4,2025.07.23,-
445,예비인증,한국녹색기후기술원,주거용 이외,공장,경북,"경상북도 안동시 풍산읍 매곡리, 경북바이오2차 일반산업단지 내(A2-5)",안동시 공공형 지식산업센터,안동시청,8245.33,5,2025.07.23,-
446,예비인증,한국녹색기후기술원,주거용 이외,제1종 근린생활시설,충남,"충청남도 부여군 부여읍 구교리 374-2, 7필지",부여지역 자활센터 신축공사,충청남도 부여군,536.89,3,2025.07.23,-
447,예비인증,한국환경건축연구원,주거용 이외,국방·군사시설,경기,"경기도 평택시 고덕면 당현리 일반 66-3, 일원",공작사 우주작전전대 행정동,국방시설본부,2004.60,5,2025.07.23,-
448,예비인증,한국녹색기후기술원,주거용 이외,교육연구시설,대전,"대전광역시 유성구 용산동 , 752번지",(가칭)대전용산2초등학교 신축공사,대전광역시교육청,14498.55,4,2025.07.23,-
449,예비인증,한국환경건축연구원,주거용 이외,교육연구시설,부산,부산 해운대구 선수촌로 68,장산초등학교 그린스마트스쿨 교사개축공사,부산광역시교육청,9170.60,4,2025.07.23,-
450,본인증,한국생산성본부인증원,주거용 이외,국방·군사시설,강원,"강원특별자치도 철원군 근남면 마현리 1879-1, 2군단 15사단 39여단 2대대 실내체육관 ",2군단 15사단 39여단 2대대 실내체육관 신축,국방시설본부,1954.40,5,2025.07.22,-
451,예비인증,한국녹색기후기술원,주거용 이외,제1종 근린생활시설,경북,"경상북도 의성군 안계면 용기리 230, 일원",의성군 유기농산업복합서비스지원단지 조성사업(복합체험연구센터),의성군청,1699.26,4,2025.07.22,-
452,예비인증,한국녹색기후기술원,주거용 이외,수련시설,경북,"경상북도 의성군 안계면 용기리 일반 230, 일원",의성군 유기농산업복합서비스지원단지 조성사업(생활체험관 및 야영장),의성군청,762.18,4,2025.07.22,-
453,예비인증,한국부동산원,주거용 이외,업무시설,경북,"경상북도 울진군 평해읍 학곡리 산 57  , 번지 일원(8필지)",울진해양경찰서 청사 신축사업 설계용역,울진해양경찰서,7002.93,4,2025.07.22,-
454,예비인증,한국녹색기후기술원,주거용 이외,국방·군사시설,경기,"경기도 양평군 개군면 불곡리 254 , 외 37필지",571 교량대대 (통합생활관 및 식당/체육관),국방시설본부,5004.77,5,2025.07.22,-
455,예비인증,한국생산성본부인증원,주거용 이외,교육연구시설,대전,대전 유성구 원신흥로40번길 6,대전체육고 복합체육관,대전광역시교육청,8845.65,4,2025.07.22,-
456,예비인증,한국환경건축연구원,주거용 이외,관광 휴게시설,경남,"경상남도 합천군 대병면 회양리 일반 1298-2, 일원",함양울산선 합천호(울산)휴게소 신축,한국도로공사,2972.13,4,2025.07.21,-
457,예비인증,한국환경건축연구원,주거용 이외,교육연구시설,경남,경남 창녕군 남지읍 낙동로 429,남지초등학교 그린스마트 미래학교 본관동 개축공사,창녕교육지원청,5301.62,4,2025.07.21,-
458,예비인증,한국환경건축연구원,주거용 이외,교육연구시설,경남,"경상남도 남해군 남해읍 북변리 일반 362-2, 외 4필지(362-13,14,17,18)",남해중학교 미래학교 공간재구조화,경상남도남해교육지원청,4072.57,4,2025.07.21,-
459,예비인증,한국건설생활환경시험연구원,주거용 이외,교육연구시설,경남,"경상남도 양산시 동면 금산리 1452-1, ",석금산중학교 교사,경상남도교육청,8255.35,4,2025.07.21,-
460,예비인증,한국녹색기후기술원,주거용 이외,관광 휴게시설,경북,"경상북도 문경시 문경읍 하초리 250, 외 1필지",문경타워 건립사업,문경시청,1379.58,4,2025.07.21,-
461,예비인증,한국생산성본부인증원,주거용 이외,교육연구시설,전남,"전라남도 해남군 삼산면 평활리 일반 337-35, ",농식품 기후변화 대응센터,농림축산식품부,16176.43,3,2025.07.21,-
462,예비인증,한국생산성본부인증원,주거용 이외,운동시설,충남,"충청남도 예산군 예산읍 석양리 298 , ",예산군 반다비 체육센터,예산군청,2409.39,4,2025.07.21,-
463,예비인증,한국환경건축연구원,주거용 이외,제1종 근린생활시설,인천,"인천광역시 중구 남북동  928-6, ,950-3번지",인천 중구 덕교항 어촌뉴딜사업 ,한국농어촌공사 경기지역본부,534.83,5,2025.07.21,-
464,예비인증,한국환경건축연구원,주거용 이외,교육연구시설,전북,"전북특별자치도 고창군 성내면 조동리 일반 145, 일원",호남권 드론 인프라 구축사업,국토교통부,3997.33,4,2025.07.18,-
465,예비인증,한국생산성본부인증원,주거용 이외,제1종 근린생활시설,경북,"경상북도 청송군 안덕면 명당리 252, 252-1번지",안덕119 안전센터,경상북도 소방본부,932.45,5,2025.07.18,-
466,예비인증,한국녹색기후기술원,주거용 이외,교육연구시설,경북,경북 포항시 북구 이동로 63,양학중학교 급식소 및 강당 증축공사,포항교육지원청,1638.32,4,2025.07.18,-
467,예비인증,한국부동산원,주거용 이외,제1종 근린생활시설,충남,"충청남도 예산군 삽교읍 두리 572-14, 번지 외 20필지",삽교세대돌봄문화센터 건립사업,예산군,1890.53,4,2025.07.18,-
468,예비인증,한국녹색기후기술원,주거용 이외,업무시설,충남,"충청남도 서산시 읍내동  114-16, ",읍내동 복합커뮤니티센터,서산시청,1939.94,3,2025.07.18,-
469,예비인증,한국환경건축연구원,주거용 이외,운수시설,경기,"경기도 고양시  덕양구 덕은동  일반, ",대장~홍대 광역철도 108정거장,서부광역메트로(주),5475.47,3,2025.07.18,-
470,예비인증,한국환경건축연구원,주거용 이외,운수시설,경기,"경기도 부천시  오정구 고강동  일반, ",대장~홍대 광역철도 103정거장,서부광역메트로(주),4700.81,3,2025.07.18,-
471,예비인증,한국환경건축연구원,주거용 이외,운수시설,경기,"경기도 부천시  오정구 원종동 , ",대장~홍대  광역철도 102정거장,서부광역메트로(주),5733.64,3,2025.07.18,-
472,예비인증,한국생산성본부인증원,주거용 이외,교육연구시설,경기,"경기도 파주시 목동동 , 348  일원",운정4고등학교,경기도파주교육지원청,11745.29,4,2025.07.18,-
473,예비인증,한국생산성본부인증원,주거용 이외,교육연구시설,경기,"경기도 화성시 남양읍 남양리 2333, ",(가칭)남양2고등학교 교사,경기도화성오산교육지원청,11495.54,4,2025.07.18,-
474,예비인증,한국녹색기후기술원,주거용 이외,제1종 근린생활시설,부산,"부산광역시 동래구 온천동  1250-1   , 번지 일원",동래 에코팰리스 아시아드 2차(비주거),(주)지민건설,54311.0329,5,2025.07.18,-
475,예비인증,한국녹색기후기술원,주거용,공동주택,부산,"부산광역시 동래구 온천동  1250-1   , 번지 일원",동래 에코팰리스 아시아드 2차(주거),(주)지민건설,54311.0329,5,2025.07.18,-
476,예비인증,한국녹색기후기술원,주거용 이외,제1종 근린생활시설,전북,전북특별자치도 부안군 부안읍 향교길 1-17,향교지구 복합건강증진센터,부안군청,775.27,5,2025.07.17,-
477,예비인증,한국환경건축연구원,주거용 이외,교육연구시설,강원,강원특별자치도 정선군 정선읍 봉양4길 1-6,정선중고등학교 사격장,강원특별자치도정선교육지원청,606.25,5,2025.07.17,-
478,예비인증,한국녹색기후기술원,주거용 이외,수련시설,전남,"전라남도 장성군 삼계면 사창리 159-2, ",삼계면 청소년 문화의집,장성군청,1365.83,3,2025.07.17,-
479,예비인증,한국교육녹색환경연구원,주거용 이외,운동시설,충남,"충청남도 부여군 부여읍 가탑리 389 , 문화예술교육종합타운",부여 반다비 체육센터 건립 기본 및 실시설계용역,부여군청,4581.74,3,2025.07.17,-
480,예비인증,한국녹색기후기술원,주거용 이외,업무시설,충북,"충청북도 증평군 증평읍 증천리 3, 번지 외 8필지",증평경찰서 신축공사,충청북도경찰청,7281.78,4,2025.07.17,-
481,예비인증,한국녹색기후기술원,주거용 이외,문화 및 집회시설,세종,"세종특별자치시 세종시 연동면 합강리 일반, 용호리, 합강리 일원",행정중심복합도시 5-1 생활권 스마트조경 중 융복합놀이시설,한국토지주택공사 세종특별본부,770.890,3,2025.07.17,-
482,예비인증,한국환경건축연구원,주거용 이외,노유자시설,부산,"부산광역시 중구 대청동2가 , 일반 1-2",중구 노인회관 신축 기본 및 실시설계용역,부산광역시 중구청(가족행복과),1871.40,4,2025.07.17,-
483,예비인증,한국녹색기후기술원,주거용 이외,업무시설,서울,서울 강북구 한천로132길 33,강북구 번동 463-1 복합건물 신축공사,이진호,4302.01,5,2025.07.17,-
484,예비인증,한국생산성본부인증원,주거용 이외,업무시설,제주,제주특별자치도 제주시 선덕로 36,제주소방안전본부(공공업무시설),제주소방안전본부,10520.40,4,2025.07.16,-
485,예비인증,한국녹색기후기술원,주거용 이외,제1종 근린생활시설,경남,"경상남도 밀양시 부북면 운전리 일반 469-10, 일원",부북면 채움센터,밀양시청,1873.88,4,2025.07.16,-
486,예비인증,한국환경건축연구원,주거용 이외,운동시설,경북,경북 칠곡군 왜관읍 호국로 203,칠곡종합운동장 국민체육센터 건립사업,칠곡군청,1057.26,3,2025.07.16,-
487,예비인증,한국환경건축연구원,주거용 이외,교육연구시설,충남,"충청남도 보령시 남포면 월전리 일반 590-1, ,590-22",보령요트경기장 교육원,보령시청,823.76,4,2025.07.16,-
488,예비인증,한국환경건축연구원,주거용 이외,운동시설,전남,"전라남도 보성군 보성읍 보성리, 965, 965-1번지 일원",보성 근린생활형 체육관,보성군청,859.82,4,2025.07.15,-
489,예비인증,한국환경건축연구원,주거용 이외,문화 및 집회시설,경기,"경기도 과천시 주암동  685-9,  ",말관계자 복지관 조성사업,한국마사회,1722.61,4,2025.07.15,-
490,예비인증,한국녹색기후기술원,주거용 이외,국방·군사시설,서울,서울 용산구 회나무로 4,OO부대 간부숙소 증축공사,국방시설본부,931.35,5,2025.07.15,-
491,예비인증,한국녹색기후기술원,주거용 이외,공장,경북,"경상북도 의성군 안계면 용기리 230, 일원",의성군 유기농산업복합서비스지원단지 조성사업(통합유통가공센터),의성군청,3199.70,+,2025.07.14,-
492,예비인증,한국환경건축연구원,주거용 이외,업무시설,경기,"경기도 군포시 당동  150-1, ",군포 스마트도시 통합운영센터 신축공사,(주)군포복합개발피에프브이,9726.05,4,2025.07.14,-
493,예비인증,한국녹색기후기술원,주거용 이외,업무시설,경기,"경기도 시흥시 배곧동  302 -1   , ",중부지방해양경찰청,중부지방해양경찰청,8992.64,4,2025.07.14,-
494,예비인증,한국녹색기후기술원,주거용 이외,업무시설,세종,"세종특별자치시 세종시 집현동 , 블록 4-2생활권 관4-3 (집현동 883-247일원)",전기설비 원격관제센터 및 백업시설,한국전기안전공사,4897.87,4,2025.07.14,-
495,예비인증,한국환경건축연구원,주거용 이외,제1종 근린생활시설,전북,"전북특별자치도 무주군 안성면 장기리 1199, 외 7필지",안성면 농촌중심지 활성화사업(농촌협약) ,한국농어촌공사 무진장지사,2064.34,4,2025.07.11,-
496,예비인증,한국녹색기후기술원,주거용 이외,교육연구시설,경남,경남 창녕군 부곡면 학포1길 21-1,부곡초등학교학포분교장 급식소 및 다목적실,창녕교육지원청,554.18,5,2025.07.11,-
497,예비인증,한국녹색기후기술원,주거용 이외,교육연구시설,경북,"경상북도 울진군 죽변면 후정리 695-1, ",심해과학연구센터,한국해양과학기술원,4344.84,4,2025.07.11,-
498,예비인증,한국녹색기후기술원,주거용 이외,문화 및 집회시설,충남,"충청남도 홍성군 홍북읍 신경리, 2162번지",충남국제테니스장,충청남도건설본부,9868.14,3,2025.07.11,-
499,예비인증,한국건설생활환경시험연구원,주거용 이외,교육연구시설,충남,"충청남도 아산시 신창면 남성리, 851번지",서부권 공공도서관 조성사업,아산시청,3699.48,3,2025.07.11,-
500,예비인증,한국녹색기후기술원,주거용 이외,제1종 근린생활시설,경북,"경상북도 울진군 기성면 척산리 342-1, 번지 일원",울진군 기성면사무소,울진군,985.71,5,2025.07.10,-
501,예비인증,한국녹색기후기술원,주거용 이외,노유자시설,경북,"경상북도 성주군 성주읍 금산리 724, 외 3필지",성주군 농촌돌봄마을 시범단지 조성사업(케어팜동),한국농어촌공사 성주지사,2439.13,1,2025.07.10,-
502,예비인증,한국환경건축연구원,주거용 이외,제1종 근린생활시설,전남,"전라남도 담양군 창평면 창평리 384-2, 외 3필지",공동체생활플랫폼,담양군,693.92,5,2025.07.10,-
503,예비인증,한국환경건축연구원,주거용 이외,제1종 근린생활시설,전남,"전라남도 담양군 창평면 창평리 335, 외 2필지",달팽이이음센터,담양군,546.77,5,2025.07.10,-
504,예비인증,한국부동산원,주거용 이외,국방·군사시설,경기,"경기도 용인시  처인구 포곡읍 전대리 219, 외 2필지",항공사 70항정대대 간부숙소 ,국방시설본부,545.86,4,2025.07.10,-
505,예비인증,한국녹색기후기술원,주거용 이외,업무시설,경기,"경기도 파주시 금촌동  1025, ",(가칭)육아종합지원센터 등 건립,파주시청,7717.65,4,2025.07.10,-
506,예비인증,한국녹색기후기술원,주거용 이외,제1종 근린생활시설,광주,"광주광역시 광산구 수완동  1451, 외 1필지",광주광역시 광산구 수완동 근린생활시설,제이와이개발,10286.9973,5,2025.07.10,-
507,예비인증,한국녹색기후기술원,주거용 이외,교육연구시설,부산,"부산광역시 기장군 일광읍 삼성리 762, ",일광고등학교 교사신축공사,부산광역시교육청,14148.43,4,2025.07.10,-
508,예비인증,한국환경건축연구원,주거용 이외,교육연구시설,서울,서울 서초구 잠원로3길 28,반원초 급식실 및 학생식당 증축공사,강남서초교육지원청,1647.36,4,2025.07.10,-
509,예비인증,한국환경건축연구원,주거용 이외,교육연구시설,강원,강원특별자치도 횡성군 공근면 영서로 150,횡성 농업관리센터,횡성군,1919.34,4,2025.07.09,-
510,예비인증,한국녹색기후기술원,주거용 이외,교육연구시설,인천,인천 미추홀구 경인로 242,인천도화초 공간재구조화 증개축공사 설계용역,남부교육지원청,2800.05,4,2025.07.08,-
511,예비인증,한국부동산원,주거용 이외,업무시설,서울,서울 강남구 선릉로 574,삼성동 112-21 업무시설,(주)디엔케이,3983.58,5,2025.07.08,-
512,예비인증,한국생산성본부인증원,주거용 이외,교육연구시설,제주,"제주특별자치도 제주시 외도일동  55, 외 5필지",서부중학교,제주특별자치도교육청,9645.48,4,2025.07.07,-
513,예비인증,한국환경건축연구원,주거용 이외,교육연구시설,경기,경기 안산시 단원구 선부광장서로 59,선일중 체육관 및 급식소 증축공사,안산교육지원청,1568.16,4,2025.07.07,-
514,예비인증,한국녹색기후기술원,주거용 이외,제2종 근린생활시설,대전,"대전광역시 서구 도마동 , 105-77번지",도솔마을 직주락 허브조성,대전광역시 서구청,2232.91,5,2025.07.07,-
515,예비인증,한국환경건축연구원,주거용 이외,업무시설,서울,"서울특별시 구로구 구로동  685-122, ",구로동 685-122번지 오피스텔,(주)참다원건설,3382.32,5,2025.07.07,-
516,예비인증,한국부동산원,주거용 이외,교육연구시설,부산,부산 동래구 중앙대로 1297,"그린스마트스쿨 부산내성중 BTL(교사동,강당동)",스마트부산2차 주식회사,11208.95,4,2025.07.04,-
517,예비인증,한국부동산원,주거용,공동주택,전남,"전라남도 고흥군 고흥읍 성촌리 180-6, 외 1필지 (180-7번지)",전남형 만원주택(고흥) 공공임대주택,전남개발공사,5548.7253,5,2025.07.04,-
518,예비인증,한국건설생활환경시험연구원,주거용 이외,국방·군사시설,충북,"충청북도 충주시 금가면 사암리 680-4, (임) 외 9필지 ",19전투비행단 다목적 체육시설,국방시설본부,4014.71,5,2025.07.03,-
519,예비인증,한국생산성본부인증원,주거용 이외,업무시설,대전,"대전광역시 서구 탄방동  1053, ",탄방동 행정복지센터,대전광역시 서구청,1995.28,4,2025.07.03,-
520,예비인증,한국생산성본부인증원,주거용 이외,교육연구시설,강원,강원특별자치도 강릉시 주문진읍 연주로 270,강원도립대학교 중앙정보관,강원도립대학교,2587.54,4,2025.07.02,-
521,예비인증,한국환경건축연구원,주거용 이외,제1종 근린생활시설,강원,"강원특별자치도 속초시 설악동  일반 325-1, 외 3필지",대포동1지역(화채마을) 화채락센터 조성사업,속초시청,638.57,3,2025.07.02,-
522,예비인증,한국환경건축연구원,주거용 이외,관광 휴게시설,충남,"충청남도 천안시  동남구 북면 오곡리 산 17-2, ",세종포천선 동천안(포천방향) 휴게소 신축,한국도로공사,3375.37,4,2025.07.02,-
523,예비인증,한국교육녹색환경연구원,주거용 이외,운동시설,충남,"충청남도 서산시 팔봉면 어송리 일반 1303-1, 1304-1, 1308-2(3개 필지)",팔봉 국민체육센터,서산시청,976.59,5,2025.07.02,-
524,예비인증,한국부동산원,주거용 이외,관광 휴게시설,충남,"충청남도 천안시  동남구 북면 사담리 산 2-6, 일원",세종포천선 동천안(세종)휴게소,한국도로공사,3356.12,4,2025.07.02,-
525,예비인증,한국녹색기후기술원,주거용 이외,업무시설,경기,경기 성남시 분당구 야탑로167번길 12,야탑3동 행정복지센터,성남도시개발공사,3523.15,4,2025.07.02,-
526,예비인증,한국부동산원,주거용 이외,업무시설,부산,"부산광역시 해운대구 재송동  일반 1133, ",부산지방법원 동부지원 별관증축 설계용역,부산지방법원 동부지원,6635.00,4,2025.07.02,-
527,예비인증,한국생산성본부인증원,주거용 이외,교육연구시설,부산,부산 사상구 백양대로768번길 115,부산항공고등학교 기숙사 증축공사,부산광역북부교육지원청,6081.46,4,2025.07.02,-
528,예비인증,한국부동산원,주거용 이외,교육연구시설,강원,"강원특별자치도 화천군 사내면 사창리 일반 356, 외 2필지",사내교육커뮤니티센터,화천군청,2584.63,4,2025.07.01,-
529,예비인증,한국건설생활환경시험연구원,주거용 이외,국방·군사시설,강원,"강원특별자치도 화천군 상서면 마현리 750-2   , ",2군단 15사단 38여단 3대대 실내체육관 신축,국방시설본부,1105.19,5,2025.07.01,-
530,예비인증,한국건설생활환경시험연구원,주거용 이외,국방·군사시설,강원,"강원특별자치도 철원군 서면 자등리 398-2   , 외 2필지(396-1, 380-21)",5군단 3사단 23여단본부  실내체육관 신축,국방시설본부,2229.66,5,2025.07.01,-
531,예비인증,한국건설생활환경시험연구원,주거용 이외,국방·군사시설,강원,"강원특별자치도 화천군 상서면 마현리 341, 외 15필지",2군단 7사단 3여단 1대대 실내체육관 신축,국방시설본부,1256.67,5,2025.07.01,-
532,예비인증,한국건설생활환경시험연구원,주거용 이외,국방·군사시설,강원,"강원특별자치도 춘천시 신동면 팔미리 30-2, 외 74필지(30-15, 30-16, 30-17)",2군단 2군수지원여단본부 실내체육관 신축,국방시설본부,2056.49,5,2025.07.01,-
533,예비인증,한국건설생활환경시험연구원,주거용 이외,국방·군사시설,강원,"강원특별자치도 양구군 국토정중앙면 청리 730-1   , 외 2필지(1152-12, 708)",3군단 21사단 31여단 2대대 실내체육관 신축,국방시설본부,2229.66,5,2025.07.01,-
534,예비인증,한국환경건축연구원,주거용 이외,교육연구시설,경남,"경상남도 통영시 산양읍 신전리 일반 324-4, ",남해권 스마트선박안전지원센터 건립공사,한국해양교통안전공단,2952.61,4,2025.07.01,-
535,예비인증,한국건설생활환경시험연구원,주거용 이외,노유자시설,충북,"충청북도 음성군 금왕읍 무극리 343-1, ",음성군장애인종합복지센터,음성군청,1974.83,4,2025.07.01,-
536,예비인증,한국건설생활환경시험연구원,주거용 이외,국방·군사시설,경기,"경기도 포천시 신북면 심곡리 213 , 외 2필지(379-1, 172)",7군단 8사단 1기갑기보여단본부  실내체육관 신축,국방시설본부,2229.66,5,2025.07.01,-
537,예비인증,한국교육녹색환경연구원,주거용 이외,노유자시설,광주,"광주광역시 광산구 도천동  102-1, 번지, 102-4번지",광산구장애인복지관,광주광역시 광산구청,3182.81,4,2025.07.01,-
538,예비인증,한국부동산원,주거용 이외,교육연구시설,부산,부산 서구 보수대로 282-23,"그린스마트스쿨 부산여중 BTL(교사동,강당동)",스마트부산2차 주식회사,8152.25,4,2025.07.01,-
539,예비인증,한국교육녹색환경연구원,주거용 이외,노유자시설,경기,경기 안산시 단원구 선부광장로 47,안산시 노동자 지원센터 건립사업,안산시청,3859.25,4,2025.06.30,-
540,예비인증,한국건설생활환경시험연구원,주거용 이외,교육연구시설,경기,경기 의왕시 철도박물관로 37,현대자동차 생산기술연구개발1동,현대자동차(주) 의왕연구소,13703.62,5,2025.06.30,-
541,예비인증,한국환경건축연구원,주거용 이외,운동시설,대구,"대구광역시 남구 대명동  일반 1745-9, ",대명동 1745-9번지 문화시설,주식회사 제이에프개발,1924.1089,4,2025.06.30,-
542,예비인증,한국교육녹색환경연구원,주거용,공동주택,울산,울산 동구 번덕8길 156,울산동구 일산동 463 주상복합 신축공사(주거),주식회사 더프라임개발,36129.7631,5,2025.06.28,-
543,예비인증,한국환경건축연구원,주거용 이외,교육연구시설,전북,"전북특별자치도 전주시  덕진구 인후동2가 , 견훤왕궁로 227",전주동북초 그린스마트스쿨 개축공사,전주교육지원청,6012.93,4,2025.06.27,-
544,예비인증,한국교육녹색환경연구원,주거용 이외,노유자시설,강원,강원특별자치도 강릉시 율곡로 3020,강릉시 근로자종합복지관,강릉시청 경제진흥과,2594.02,4,2025.06.27,-
545,예비인증,한국환경건축연구원,주거용 이외,제1종 근린생활시설,경북,경북 봉화군 법전면 법전로 100,법전면 행정문화복합센터,봉화군청,1253.08,4,2025.06.27,-
546,예비인증,한국건설생활환경시험연구원,주거용 이외,위험물 저장 및 처리 시설,인천,인천 서구 서곶로 723,인천 서구 백석동 주유소 신축공사(주1동),지에스칼텍스(주),522.96,4,2025.06.27,-
547,본인증,한국건설생활환경시험연구원,주거용 이외,노유자시설,경기,경기 수원시 팔달구 고매로 14,시립 고등동 어린이집,팔달115-3구역주택재개발정비사업조합,592.03,5,2025.06.26,-
548,예비인증,한국환경건축연구원,주거용 이외,국방·군사시설,강원,"강원특별자치도 고성군 현내면 송도진리 산 17-1, 해안1소초 병영생활관",(A067)해안1소초 병영생활관,국방시설본부,2019.49,5,2025.06.26,-
549,예비인증,한국생산성본부인증원,주거용 이외,제1종 근린생활시설,경북,경북 문경시 가은읍 가은2길 5,문경시 양산문화센터 소통공간,문경시청,593.82,4,2025.06.26,-
550,예비인증,한국교육녹색환경연구원,주거용 이외,제1종 근린생활시설,전남,"전라남도 영암군 군서면 동구림리 48-4, 외 2필지",군서면 기초생활거점 조성공사,영암군청,780.98,5,2025.06.26,-
551,예비인증,한국교육녹색환경연구원,주거용,공동주택,제주,"제주특별자치도 서귀포시 남원읍 태흥리 1760-18, ",남원 태흥 공공주택 건립사업,제주특별자치도개발공사,4364.3214,4,2025.06.26,-
552,예비인증,한국환경건축연구원,주거용 이외,운동시설,충남,"충청남도 아산시 실옥동  368 -42  , 외 10필지",아산 반다비체육센터 건립사업,아산시청,3553.18,1,2025.06.25,-
553,예비인증,한국생산성본부인증원,주거용 이외,교육연구시설,경기,"경기도 광주시 목현동  249-37, 외 1필지",목현동 탄소중립 목재교육종합센터,광주시청,3390.12,4,2025.06.25,-
554,예비인증,한국건설생활환경시험연구원,주거용 이외,공장,경기,경기 고양시 일산동구 멱절길 227,GH Biz&고양,경기주택도시공사,201103.66,4,2025.06.25,-
555,예비인증,한국환경건축연구원,주거용 이외,운동시설,인천,"인천광역시 서구 당하동  8003-1, 검단신도시 지원시설용지 3-1,2","당하동 8003-1,2(검단신도시 지원3-1,2) 운동시설 및 판매시설",(주)제이엔제이파트너스,22287.98,4,2025.06.25,-
556,예비인증,한국부동산원,주거용 이외,국방·군사시설,경남,"경상남도 사천시 사천읍 중선리 일반 1-1, ",3비 B지구 간부식당 증축,국방시설본부,1076.59,5,2025.06.24,-
557,예비인증,한국녹색기후기술원,주거용 이외,공장,경북,"경상북도 예천군 지보면 매창리 592, 번지 외 12필지",예천 곤충양잠산업 거점단지 소재가공센터 신축공사,예천군청,1785.07,3,2025.06.24,-
558,예비인증,한국생산성본부인증원,주거용 이외,국방·군사시설,충남,"충청남도 계룡시 신도안면 용동리 376-1, 외 7필지 ",공군 기상단 병영식당,국방시설본부 충청시설단,793.20,5,2025.06.24,-
559,예비인증,한국부동산원,주거용 이외,공장,세종,"세종특별자치시 세종시 소정면 고등리 784, ",3H 세종공장 신축공사,주식회사 쓰리에이치,32549.47,2,2025.06.24,-
560,예비인증,한국교육녹색환경연구원,주거용 이외,업무시설,서울,서울 강남구 봉은사로 120,서울시 봉은사로 120 개발사업,마스턴제116호강남프리미어프로젝트금융투자주식회사,137511.8606,5,2025.06.24,-
561,예비인증,한국생산성본부인증원,주거용 이외,업무시설,전북,"전북특별자치도 순창군 순창읍 순화리 390, 외 9필지",순창군청 별관,순창군청,2210.76,4,2025.06.23,-
562,예비인증,한국생산성본부인증원,주거용 이외,제1종 근린생활시설,전남,전남 보성군 문덕면 장운길 40,문덕면 기초생활거점조성사업(마을회관),보성군청,637.56,4,2025.06.23,-
563,예비인증,한국녹색기후기술원,주거용 이외,운동시설,경북,"경상북도 영양군 일월면 도계리 82, ",일월면 소규모체육관 건립공사,영양군청,1130.28,4,2025.06.20,-
564,예비인증,한국환경건축연구원,주거용 이외,국방·군사시설,전남,"전라남도 영암군 삼호읍 용당리, 646-3번지 외 12필지",무기체계·전자공장,국방시설본부,3783.24,5,2025.06.20,-
565,예비인증,한국환경건축연구원,주거용 이외,국방·군사시설,전남,"전라남도 장성군 삼서면 학성리, 일원",의무대,국방시설본부,2587.59,4,2025.06.20,-
566,예비인증,한국생산성본부인증원,주거용 이외,공장,부산,부산 강서구 녹산산단261로73번길 48,농심 녹산 신공장(공장동-2),(주)농심 녹산공장,47790.81,5,2025.06.20,-
567,예비인증,한국환경건축연구원,주거용 이외,노유자시설,부산,"부산광역시 부산진구 개금동  221, 번지 외 3필지 (222,389-2, 392)",개금동 하하(HAHA)센터,부산진구청,1827.47,4,2025.06.20,-
568,예비인증,한국환경건축연구원,주거용 이외,노유자시설,강원,"강원특별자치도 인제군 인제읍 합강리 일반 98-5,  ",인제지역자활센터,인제군청,947.66,4,2025.06.19,-
569,예비인증,한국환경건축연구원,주거용 이외,교육연구시설,경남,경남 고성군 하이면 남일로 423,하이초 그린스마트 미래학교,경상남도고성교육지원청,2486.25,4,2025.06.19,-
570,예비인증,한국환경건축연구원,주거용 이외,교육연구시설,경북,"경상북도 김천시 어모면 다남리 일반 1469-2, ",친환경미래차부품전환지원센터,재단법인 경북테크노파크,2180.27,3,2025.06.19,-
571,예비인증,한국녹색기후기술원,주거용 이외,업무시설,전남,"전라남도 무안군 해제면 신정리, 18-5번지 외 2필지",해제면사무소 신청사,무안군청,1396.32,4,2025.06.19,-
572,예비인증,한국녹색기후기술원,주거용 이외,교육연구시설,인천,인천 미추홀구 주안로 129,농림축산검역본부 중부지역본부 국제표준실험실 건립사업,농림축산검역본부 중부지역본부,1707.83,3,2025.06.19,-
573,예비인증,한국교육녹색환경연구원,주거용,"임대주택(영구, 국민, 공공)",전남,"전라남도 완도군 신지면 대곡리 1946, ",완도지역전략산업지원주택건립사업,완도군청,2661.3351,3,2025.06.19,-
574,예비인증,한국건설생활환경시험연구원,주거용 이외,국방·군사시설,강원,"강원특별자치도 화천군 상서면 봉오리 505-1, 외 17필지",2군단 15사단 38여단 행정시설,국방시설본부,1075.2,5,2025.06.18,-
575,예비인증,한국생산성본부인증원,주거용 이외,교육연구시설,제주,제주특별자치도 제주시 구좌읍 김녕로 117,김녕초등학교 급식실 및 다목적체육관,제주시교육지원청,1640.81,3,2025.06.18,-
576,예비인증,한국건설생활환경시험연구원,주거용 이외,교육연구시설,경남,"경상남도 창원시  마산회원구 내서읍 삼계리 20-1, 외 1필지",내서도서관,창원시청,5936.77,3,2025.06.18,-
577,예비인증,한국환경건축연구원,주거용 이외,국방·군사시설,경기,"경기도 평택시 서탄면 장등리 일반 364, (잡)",작근단 모듈러 간부숙소,국방시설본부,3415.04,4,2025.06.18,-
578,예비인증,한국교육녹색환경연구원,주거용 이외,운동시설,울산,"울산광역시 중구 남외동  일반 673, 번지 외 39필지",동천체육관 보조경기장,울산광역시청,1979.43,4,2025.06.18,-
579,예비인증,한국환경건축연구원,주거용 이외,제1종 근린생활시설,경북,경북 봉화군 춘양면 의양로1길 13,억지춘양 생활문화복합센터,봉화군청,1847.16,5,2025.06.17,-
580,예비인증,한국녹색기후기술원,주거용 이외,제1종 근린생활시설,경북,"경상북도 울진군 근남면 수곡리 721-1, 외 6필지",국립울진동서트레일센터,남부지방산림청,775.30,5,2025.06.17,-
581,예비인증,한국환경건축연구원,주거용 이외,국방·군사시설,전남,"전라남도 영암군 삼호읍 용당리, 630번지 외 5필지",통합본관,국방시설본부,3478.20,4,2025.06.17,-
582,예비인증,한국건설생활환경시험연구원,주거용 이외,교육연구시설,충남,"충청남도 홍성군 홍북읍 대동리 48-3, 외 2필지 (구 홍북초등학교 부지)",충청남도교육청 특수교육원 신축공사,충청남도교육청,"8,838.31",4,2025.06.17,-
583,예비인증,한국녹색기후기술원,주거용 이외,업무시설,경기,"경기도 화성시 , 화성동탄2 C-27BL",화성동탄2 C-27BL 오피스텔,한국토지주택공사,12533.16,4,2025.06.17,-
584,예비인증,한국녹색기후기술원,주거용 이외,제1종 근린생활시설,대구,대구 수성구 달구벌대로 2512,범어동 206-3번지 근린생활시설,곽은화,4702.81,5,2025.06.17,-
585,예비인증,한국부동산원,주거용 이외,업무시설,서울,"서울특별시 강서구 마곡동  749-7, ",국립북한인권센터 건립사업,통일부,2400.02,4,2025.06.17,-
586,예비인증,한국녹색기후기술원,주거용,공동주택,경기,"경기도 화성시  일반, 화성동탄2 C-27BL",화성동탄2 C-27BL 공동주택,한국토지주택공사,87591.17,5,2025.06.17,-
587,예비인증,한국녹색기후기술원,주거용 이외,교육연구시설,경기,"경기도 평택시 현덕면 운정리 267 -1   , ",(가칭)화양2고 신축공사,평택교육지원청,14473.22,3,2025.06.16,-
588,예비인증,한국녹색기후기술원,주거용 이외,제1종 근린생활시설,경기,"경기도 이천시 관고동  501-8, , 501-10",이천시 로컬복합상생[신활력] 건립공사,이천시청 농업기술센터,1995.42,5,2025.06.16,-
589,예비인증,한국환경건축연구원,주거용 이외,교육연구시설,인천,인천 부평구 부흥로144번길 30,산곡남초 급식소 증축공사,인천광역시북부교육지원청,922.75,3,2025.06.16,-
590,예비인증,한국교육녹색환경연구원,주거용 이외,교육연구시설,전남,"전라남도 완도군 완도읍 화흥리 840, ",화흥초 다목적교실,전라남도완도교육지원청,588.79,5,2025.06.13,-
591,예비인증,한국부동산원,주거용 이외,자원순환 관련 시설,충북,"충청북도 제천시 신동  642-3, ",제천시 소각시설 증설공사 (주민편익동),제천시청,745.12,5,2025.06.13,-
592,예비인증,한국부동산원,주거용 이외,교육연구시설,경기,"경기도 안성시 옥산동  일반 573, ",안성중학교,경기도안성교육지원청,11527.11,4,2025.06.13,-
593,예비인증,한국환경건축연구원,주거용 이외,국방·군사시설,인천,"인천광역시 부평구 구산동  일반 87-3,  외 173필지",수도군단 10화생방대대 개편사업 (행정동),국방시설본부,4056.14,4,2025.06.13,-
594,예비인증,한국교육녹색환경연구원,주거용 이외,제1종 근린생활시설,강원,"강원특별자치도 강릉시 연곡면 영진리 2   -3   , 외 2필지 [2-7, 2-18]",강릉시 영진항 영진센터 신축건물,한국어촌어항공단,628.75,5,2025.06.12,-
595,예비인증,한국환경건축연구원,주거용 이외,제1종 근린생활시설,경남,경남 합천군 합천읍 동서로 109,합천 행복드림센터,합천군청,650.86,5,2025.06.12,-
596,예비인증,한국녹색기후기술원,주거용 이외,제2종 근린생활시설,경남,"경상남도 김해시 주촌면 원지리 92-1, 번지 외 4필지(92-4답, 95-5잡, 94-2천, 96-2답)",원지지구1 농촌공간정비사업 농업클러스터,김해시청,821.30,4,2025.06.12,-
597,예비인증,한국녹색기후기술원,주거용 이외,업무시설,울산,"울산광역시 중구 복산동  180-1, 번지 외 1필지",울산광역시 중구청사 증축,울산광역시 중구청,2198.285,4,2025.06.12,-
598,예비인증,한국환경건축연구원,주거용,공동주택,경남,경남 고성군 고성읍 남포로99번길 77,고성형 근로자주택,고성군청,2831.97,5,2025.06.12,-
599,예비인증,한국교육녹색환경연구원,주거용 이외,숙박시설,울산,울산 중구 길촌길 333,입화산자연휴양림 산림문화휴양관,울산광역시 중구청,884.34,5,2025.06.11,-
600,예비인증,한국생산성본부인증원,주거용 이외,제1종 근린생활시설,경남,"경상남도 양산시 하북면 순지리 일반 172 -12  , ",양산소방서 하북119안전센터,경상남도청,970.18,5,2025.06.10,-
601,예비인증,한국녹색기후기술원,주거용 이외,업무시설,경남,경남 함안군 가야읍 함안대로 755,귀농귀촌 통합플랫폼 ,함안군 농업기술센터,4868.02,4,2025.06.10,-
602,예비인증,한국환경건축연구원,주거용 이외,업무시설,부산,"부산광역시 중구 부평동3가  62-2, 59-3, 59-28, 62-7, 62-8",부평동 주민센터,부산광역시 중구청,1525.30,4,2025.06.10,-
603,예비인증,한국생산성본부인증원,주거용 이외,제1종 근린생활시설,강원,강원특별자치도 원주시 지정면 간현로 126,원주시 지정면 농촌중심지활성화사업 행복나눔문화복지센터,원주시청,1659.95,4,2025.06.09,-
604,예비인증,한국교육녹색환경연구원,주거용 이외,관광 휴게시설,전남,"전라남도 영암군 덕진면 노송리 산 54, 외 60필지",월출산휴게소,한국도로공사,3209.71,2,2025.06.09,-
605,예비인증,한국환경건축연구원,주거용 이외,노유자시설,충북,"충청북도 괴산군 괴산읍 동부리 일반 675 -2   , ",괴산읍 도시재생인정사업(괴산행복누리센터),괴산군청,2872.65,4,2025.06.09,-
606,예비인증,한국생산성본부인증원,주거용 이외,교육연구시설,경기,"경기도 양주시 덕계동  일반, 966",양주2고 신축공사,경기도동두천양주교육지원청,14469.73,4,2025.06.09,-
607,예비인증,한국녹색기후기술원,주거용 이외,제1종 근린생활시설,경북,"경상북도 상주시 서성동  57-1, , 57-6, 59-1, 59-22",국립농산물품질관리원 경북지원 상주사무소 청사,국립농산물품질관리원 경북지원,787.445,5,2025.06.05,-
608,예비인증,한국생산성본부인증원,주거용 이외,국방·군사시설,충남,"충청남도 보령시 신흑동  1757, ",미사일방어사 간부숙소 신축,국방시설본부,2015.93,3,2025.06.05,-
609,예비인증,한국녹색기후기술원,주거용 이외,노유자시설,울산,"울산광역시 울주군 온양읍 대안리 247 -19  , 외 7필지",울주군 남부장애인복지관,울주군청,5340.04,4,2025.06.05,-
610,예비인증,한국녹색기후기술원,주거용 이외,교육연구시설,대전,"대전광역시 유성구 원신흥동  148 -24  , 번지 일원",(가칭)대전친수1초등학교,대전광역시교육청,9884.13,4,2025.06.05,-
611,예비인증,한국환경건축연구원,주거용 이외,공장,대구,"대구광역시 북구 노원동3가  일반 31, ",대구 제3산업단지 휴폐업공장 및 청년문화센터,사단법인 대구제3산업단지관리공단,3393.69,5,2025.06.05,-
612,예비인증,한국생산성본부인증원,주거용 이외,제1종 근린생활시설,전북,"전북특별자치도 익산시 중앙동3가  125, ",익산중앙동우체국,전북지방우정청,740.64,3,2025.06.04,-
613,예비인증,한국교육녹색환경연구원,주거용 이외,동물 및 식물 관련 시설,전남,"전라남도 신안군 지도읍 자동리 일반 1988-2, 외7필지(관련지번 : 471, 472-2, 1983, 1988-1, 산217, 산217-1, 산217-2)",신안군 스마트양식 클러스터 테스트베드 조성사업(관리사),신안군청,855.69,5,2025.06.04,-
614,본인증,한국생산성본부인증원,주거용 이외,교육연구시설,경북,경북 울진군 북면 울진북로 2040,"그린리모델링 시범사업 설계용역-모의제어 훈련원(구관, 신관)",한울원자력본부 ,3993.85,4,2025.06.02,-
615,예비인증,한국환경건축연구원,주거용 이외,교육연구시설,경기,경기 용인시 처인구 포곡읍 금어로 531,용인학생야영장 생활관동,용인교육지원청,2334.21,4,2025.06.02,-
616,예비인증,한국건설생활환경시험연구원,주거용 이외,국방·군사시설,경기,"경기도 김포시 통진읍 가현리 88  -41  , , 양촌읍 흥신리 387-33, 387-14, 387-16",2사단 포병여단 관측중대 생활관 신축,국방시설본부,1025.43,3,2025.06.02,-
617,예비인증,한국건설생활환경시험연구원,주거용 이외,국방·군사시설,경기,"경기도 김포시 월곶면 용강리, 52,54번지",2사단 강녕포소초 생활관 신축,국방시설본부,1089.62,5,2025.06.02,-
618,예비인증,한국부동산원,주거용 이외,교육연구시설,강원,"강원특별자치도 원주시 관설동  일반 555, 외 27필지",영서고 유도훈련장 신축공사	,강원특별자치도원주교육지원청,740.04,5,2025.05.30,-
619,예비인증,한국녹색기후기술원,주거용 이외,교육연구시설,경북,"경상북도 경주시 산내면 외칠리 14-18, 외 7필지",경주시 환경교육센터,경주시,1632.61,4,2025.05.30,-
620,예비인증,한국교육녹색환경연구원,주거용 이외,교육연구시설,전남,전남 무안군 청계면 영산로 1666,목포대학교 미래라이프관,국립목포대학교,5367.57,4,2025.05.30,-
621,예비인증,한국녹색기후기술원,주거용 이외,운동시설,경북,"경상북도 포항시  북구 양덕동  일반 88  -7   , 88-7, 132-5, 1140-3",포항공동체복합시설,포항시청,3699.85,3,2025.05.29,-
622,예비인증,한국녹색기후기술원,주거용 이외,교육연구시설,경북,"경상북도 포항시  북구 흥해읍 이인리 일반 1045, ",푸드테크 연구지원센터 건립사업,포항소재산업진흥원,2484.27,3,2025.05.29,-
623,예비인증,한국환경건축연구원,주거용 이외,제1종 근린생활시설,전남,전남 완도군 완도읍 장보고대로 282-1,완도중앙시장 B동,완도군청,728.96,3,2025.05.29,-
624,예비인증,한국생산성본부인증원,주거용 이외,교육연구시설,충남,"충청남도 예산군 삽교읍 상성리, 90번지 일원",그린바이오 벤처캠퍼스,예산군청,4678.44,4,2025.05.29,-
625,예비인증,한국녹색기후기술원,주거용 이외,제1종 근린생활시설,충북,"충청북도 단양군 단양읍 천동리 산  9  -1   , 천동탐방안내소",천동 탐방안내소, 소백산국립공원북부사무소,425.82,+,2025.05.29,-
626,예비인증,한국녹색기후기술원,주거용 이외,업무시설,경기,경기 수원시 팔달구 권광로180번길 42-23,"인계동 1122-4, 13번지 신축 오피스텔",주식회사 하이안종합건설,8519.196,5,2025.05.29,-
627,예비인증,한국녹색기후기술원,주거용 이외,업무시설,대구,대구 동구 동촌로48길 26,방촌동 행정복지센터,대구광역시 동구청,1797.56,3,2025.05.29,-
628,예비인증,한국녹색기후기술원,주거용 이외,업무시설,서울,서울 중구 수표로6길 24,중구 충무로 3가 56-6번지 신축공사,주식회사 스타팰리스,6119.83,5,2025.05.29,-
629,예비인증,한국생산성본부인증원,주거용 이외,제2종 근린생활시설,강원,"강원특별자치도 고성군 간성읍 동호리 828-11, ",농산물종합가공·유통센터,고성군청,411.13,4,2025.05.28,-
630,예비인증,한국녹색기후기술원,주거용 이외,교육연구시설,경남,경남 진주시 진양호로369번길 3,진주교대 교육연구동,진주교육대학교,5024.56,2,2025.05.28,-
631,예비인증,한국녹색기후기술원,주거용 이외,교육연구시설,전남,전남 나주시 남산길 10,나주중학교 그린스마트스쿨 개축 및 리모델링공사,전라남도교육청,3062.78,3,2025.05.28,-
632,예비인증,한국부동산원,주거용 이외,교육연구시설,경기,"경기도 김포시 운양동  일반 273-3, ",운양초 급식실 및 식당 증축,경기도김포교육지원청,1542.36,4,2025.05.28,-
633,예비인증,한국환경건축연구원,주거용 이외,국방·군사시설,부산,"부산광역시 해운대구 좌동  1363-9, ",53사단 126여단 간부숙소,국방시설본부,1279.07,3,2025.05.28,-
634,예비인증,한국녹색기후기술원,주거용 이외,교육연구시설,서울,서울 서초구 신반포로16길 15-25,서울잠원초등학교 교실 증축공사,강남서초교육지원청,1279.37,4,2025.05.28,-
635,예비인증,한국생산성본부인증원,주거용 이외,업무시설,경남,"경상남도 하동군 하동읍 비파리 283 -2   , 외 3필지",한국농어촌공사 하동남해지사 사옥,한국농어촌공사,1829.81,+,2025.05.27,-
636,예비인증,한국녹색기후기술원,주거용 이외,제1종 근린생활시설,경북,"경상북도 경산시 진량읍 신제리 813 , ",진량119안전센터,경상북도 소방본부,965.70,5,2025.05.27,-
637,예비인증,한국녹색기후기술원,주거용 이외,교육연구시설,경북,경북 경산시 남산면 하대2길 32-7,경북온라인학교,경상북도교육청,837.40,3,2025.05.27,-
638,예비인증,한국환경건축연구원,주거용 이외,제1종 근린생활시설,경북,"경상북도 문경시 가은읍 왕능리 산 31-9, ",가은 119안전센터 이전 신축,경상북도 소방본부,991.46,5,2025.05.27,-
639,예비인증,한국교육녹색환경연구원,주거용 이외,교육연구시설,전남,"전라남도 영암군 영암읍 교동리 81  , 일원(교동개발지구 내 문화시설용지)",전라남도교육청영암도서관,전라남도교육청,3397.66,4,2025.05.27,-
640,예비인증,한국환경건축연구원,주거용 이외,노유자시설,전남,"전라남도 목포시 상동  일반 803 , ",목포시 장애인종합복지관 별관 증축공사,목포시청,790.17,5,2025.05.27,-
641,예비인증,한국녹색기후기술원,주거용 이외,교육연구시설,경기,경기 안산시 단원구 정지로 57,정지초 다목적체육관 증축공사,안산교육지원청,867.100,5,2025.05.27,-
642,예비인증,한국교육녹색환경연구원,주거용 이외,제1종 근린생활시설,강원,"강원특별자치도 원주시 부론면 노림리 일반 296, 부론일반산업단지 지원시설용지 B-10",부론 일반산업단지 근로자 복합문화센터,원주시청,961.79,4,2025.05.26,-
643,예비인증,한국건설생활환경시험연구원,주거용 이외,국방·군사시설,강원,"강원특별자치도 강릉시 병산동 , ","공군 K기지 (D-03-1,D-04-5,D-06-16,E-01-8,E-02-1)",국방시설본부,23650.09 ,5,2025.05.26,-
644,예비인증,한국교육녹색환경연구원,주거용 이외,운동시설,경남,"경상남도 의령군 의령읍 서동리 660 -3   , 일원",의령 시니어친화형 국민체육센터,의령군청,1888.75,4,2025.05.23,-
645,예비인증,한국부동산원,주거용 이외,교육연구시설,전남,전남 완도군 완도읍 군내21번길 32,완도초 그린스마트스쿨 개축공사,전라남도교육청,2988.38,4,2025.05.23,-
646,예비인증,한국녹색기후기술원,주거용 이외,제1종 근린생활시설,충남,"충청남도 공주시 계룡면 중장리 402-1, ",계룡산국립공원 갑사분소,국립공원공단 계룡산국립공원사무소,372.12,3,2025.05.23,-
647,예비인증,한국녹색기후기술원,주거용 이외,제1종 근린생활시설,충남,"충청남도 청양군 남양면 구룡리 59  -6   , 외 2필지(59-6, 59-7, 59-8)",청양군 남양면 기초생활거점 신축공사,청양군,541.84,5,2025.05.23,-
648,예비인증,한국건설생활환경시험연구원,주거용 이외,교육연구시설,인천,인천 서구 환경로 42,국립환경 바이오매스 시험동,국립환경과학원 ,2366.88,4,2025.05.23,-
649,예비인증,한국생산성본부인증원,주거용 이외,교육연구시설,부산,부산 남구 용소로 45,부경대학교 시설개선 임대형 민자사업(BTL)_학생회관,백경미래창조(주),14187.87,4,2025.05.23,-
650,본인증,한국건설생활환경시험연구원,주거용,단독주택,전북,"전북특별자치도 김제시 죽산면 홍산리 837 -1, 외 4필지",LG Smart Cottage Mono,엘지전자(주),26.6,+,2025.05.22,-
651,예비인증,한국건설생활환경시험연구원,주거용 이외,국방·군사시설,강원,"강원특별자치도 강릉시 학동 , ","공군 K기지 (A-01-12A+14,A-02-12B,A-04-13)",국방시설본부,6161.65,5,2025.05.22,-
652,예비인증,한국건설생활환경시험연구원,주거용 이외,국방·군사시설,강원,"강원특별자치도 강릉시 청량동 , ",공군 K기지 (C-02-3D),국방시설본부,2092.39,5,2025.05.22,-
653,예비인증,한국녹색기후기술원,주거용 이외,제1종 근린생활시설,강원,강원특별자치도 영월군 주천면 주천로89번길 12,주천도시재생 동네행복이음터,영월군청,653.28,5,2025.05.22,-
654,예비인증,한국환경건축연구원,주거용 이외,제2종 근린생활시설,전남,"전라남도 함평군 함평읍 내교리 174 , ",함평 생활스포츠센터 건립사업,함평군,959.27,4,2025.05.22,-
655,예비인증,한국환경건축연구원,주거용 이외,교육연구시설,충남,"충청남도 아산시 배방읍 휴대리, 645 외2필지",(가칭)한여울학교 교사 신축공사 ,충청남도아산교육지원청 ,19575.74,4,2025.05.22,-
656,예비인증,한국생산성본부인증원,주거용 이외,노유자시설,경기,"경기도 안산시  상록구 사동  1586, 번지",안산시립 치매전담형 노인요양원,안산시청,2941.26,5,2025.05.22,-
657,예비인증,한국생산성본부인증원,주거용 이외,교육연구시설,경기,"경기도 양주시 덕계동  965, (회천택지개발 중4부지)",(가칭)회천4중 신축공사,경기도동두천양주교육지원청,11343.18,3,2025.05.22,-
658,예비인증,한국건설생활환경시험연구원,주거용 이외,제1종 근린생활시설,부산,"부산광역시 남구 문현동  354-11, 외 12필지",문현4동 복합청사 건립공사,부산광역시 남구청,1726.42,4,2025.05.22,-
659,예비인증,한국교육녹색환경연구원,주거용 이외,교육연구시설,경기,경기 이천시 영창로 119,이천양정여자고등학교 공간재구조화사업 개축 및 리모델링 공사,이천양정,7332.07,3,2025.05.20,-
660,예비인증,한국환경건축연구원,주거용 이외,제1종 근린생활시설,대전,"대전광역시 동구 낭월동 , 63-6 외 1필지",낭월 포레스트 Valley 숲체험관 조성사업 신축공사,대전광역시 동구청,1147.50,5,2025.05.20,-
661,예비인증,한국건설생활환경시험연구원,주거용 이외,교육연구시설,전북,"전북특별자치도 무주군 무주읍 읍내리 352 -7   , ",무주 창의예술 미래공간 신축공사,전북특별자치도무주교육지원청,1392.83,4,2025.05.16,-
662,예비인증,한국생산성본부인증원,주거용 이외,관광 휴게시설,전북,"전북특별자치도 군산시 신흥동  일반 26-2, ",월명산 전망대,군산시청 ,1452.40,5,2025.05.16,-
663,예비인증,한국녹색기후기술원,주거용 이외,교육연구시설,강원,강원특별자치도 평창군 평창읍 송학로 71,평창초 수영장 및 체육관 증개축공사,강원특별자치도평창교육지원청,2358.31,3,2025.05.16,-
664,예비인증,한국녹색기후기술원,주거용 이외,제1종 근린생활시설,전남,전남 여수시 삼동3길 11-3,여수국가산단 노동자 복합문화센터,여수시(산업지원과),2582.74,4,2025.05.16,-
665,예비인증,한국녹색기후기술원,주거용 이외,제2종 근린생활시설,충남,충남 예산군 예산읍 아리랑로 185-10,청년문화스페이스그래,예산군청,612.25,4,2025.05.16,-
666,예비인증,한국녹색기후기술원,주거용 이외,업무시설,경기,"경기도 평택시 용이동  491 -7   , ",용이동 LH신혼주택,육향순,3387.22,4,2025.05.16,-
667,예비인증,한국교육녹색환경연구원,주거용 이외,교육연구시설,경기,"경기도 평택시 고덕동  2722-6   , ",(가칭)고덕9중 신축공사 설계용역,평택교육지원청,12021.76,4,2025.05.16,-
668,예비인증,한국녹색기후기술원,주거용 이외,교육연구시설,울산,울산 남구 중앙로204번길 49,울산공업고등학교,울산미래학교(주),22929.98,4,2025.05.16,-
669,예비인증,한국녹색기후기술원,주거용 이외,교육연구시설,울산,울산 남구 테크노산업로29번길 50,조선해양 철의장,한국생산기술연구원,1450.73,2,2025.05.16,-
670,예비인증,한국부동산원,주거용,공동주택,경기,"경기도 수원시  권선구 금곡동 , 당수1지구 C3블록",수원당수1지구 C3블록 공동주택 신축공사,수원당수피에프브이주식회사,86024.6152,3,2025.05.16,-
671,예비인증,한국부동산원,주거용,공동주택,경기,"경기도 수원시  권선구 당수동 , 당수1지구 D3블록 외 0필지",수원당수1지구 D3블록 공동주택 신축공사,수원당수피에프브이주식회사,139086.3405,3,2025.05.16,-
672,예비인증,한국녹색기후기술원,주거용 이외,제1종 근린생활시설,경북,"경상북도 청도군 화양읍 송북리 143 , 외 4필지",청도군 농업인 교육정보센터(회관),청도군,1750.0020,4,2025.05.15,-
673,예비인증,한국부동산원,주거용 이외,운동시설,충남,"충청남도 서천군 문산면 신농리 일반 111 -8   , ",서천군 동부권역 농업인 다목적체육관 신축공사,서천군청,871.24,5,2025.05.15,-
674,예비인증,한국녹색기후기술원,주거용 이외,교육연구시설,충남,"충청남도 아산시 탕정면 매곡리 863 , 일원",(가칭)탕정4중학교 교사 신축공사,충청남도아산교육지원청 ,13924.19,4,2025.05.15,-
675,예비인증,한국교육녹색환경연구원,주거용 이외,제1종 근린생활시설,,광주 북구 설죽로 523,일곡 생활문화센터 및 다함께돌봄센터,광주광역시 북구청,658.62,5,2025.05.15,-
676,예비인증,한국환경건축연구원,주거용 이외,교육연구시설,강원,강원특별자치도 삼척시 중앙로 346,강원대학교 삼척캠퍼스 생활관 임대형 민자사업(BTL),백령생활터,12257.75,5,2025.05.14,-
677,예비인증,한국생산성본부인증원,주거용 이외,노유자시설,충남,"충청남도 아산시 둔포면 둔포리 111 -6   , 외 5필지",북부권 키즈앤맘센터 건립사업,아산시청,2310.68,4,2025.05.14,2025.07.29
678,예비인증,한국생산성본부인증원,주거용 이외,업무시설,서울,"서울특별시 구로구 궁동  14  -1   , 외",수도권광역급행철도 B노선 민간투자사업 실시설계 본사(SPC) 및 유지관리사무소,수도권광역급행철도 B노선 주식회사,6735.19,4,2025.05.14,-
679,예비인증,한국교육녹색환경연구원,주거용 이외,업무시설,서울,"서울특별시 송파구 거여동  산 30  , .",거여 119 안전센터,도시기반시설본부 건축부,1477.53,5,2025.05.14,-
680,예비인증,한국환경건축연구원,주거용 이외,국방·군사시설,강원,"강원특별자치도 철원군 갈말읍 군탄리 일반 276, ",24-A-00부대 설계용역(A110)교육생 간부숙소 신축,국방시설본부 경기북부시설단,1494.465,5,2025.05.13,-
681,예비인증,한국생산성본부인증원,주거용 이외,교육연구시설,경남,경남 진주시 동진로 33,경남 진주 그린스타트업 타운,경상국립대학교,7971.62,4,2025.05.13,-
682,예비인증,한국환경건축연구원,주거용 이외,국방·군사시설,충남,"충청남도 계룡시 신도안면 부남리, 140번지 외 2필지",육군사이버작전센터,국방시설본부,3846.94,4,2025.05.13,-
683,예비인증,한국교육녹색환경연구원,주거용 이외,교육연구시설,전북,전북특별자치도 정읍시 충정로 252,정읍제일고등학교 본관동 그린스마트스쿨,전북특별자치도정읍교육지원청,2910.57,+,2025.05.12,-
684,예비인증,한국건설생활환경시험연구원,주거용 이외,국방·군사시설,전북,"전북특별자치도 임실군 , 00면 일원",00지역 병영시설 개선공사(000-1-U사업) 설계용역(B649),국방시설본부,3362.61,5,2025.05.12,-
685,예비인증,한국교육녹색환경연구원,주거용 이외,국방·군사시설,전북,"전북특별자치도 부안군 변산면 도청리 627 -1   , /621-9/621-41번지",00사단 000여단 00해감대 간부숙소 신축공사,국방시설본부,938.45,4,2025.05.12,-
686,예비인증,한국생산성본부인증원,주거용 이외,교육연구시설,강원,강원특별자치도 춘천시 중앙로68번길 37,춘천고등학교 다목적실 신증축,강원특별자치도춘천교육지원청,1196.19,4,2025.05.12,-
687,예비인증,한국녹색기후기술원,주거용 이외,제1종 근린생활시설,경남,경남 김해시 주촌면 서부로1701번안길 142-106,주촌면 원지지구 마을공동시설 조성사업,김해시청,645.68,5,2025.05.12,-
688,예비인증,한국생산성본부인증원,주거용 이외,국방·군사시설,강원,"강원특별자치도 화천군 상서면 다목리 일반 620 , 외1필지",15사단 39여단본부 실내체육관,국방시설본부,1248.68,5,2025.05.09,-
689,예비인증,한국건설생활환경시험연구원,주거용 이외,교육연구시설,강원,강원특별자치도 원주시 호저면 원문로 599,만종초 강원형 학교시설 증개축공사,강원특별자치도원주교육지원청,2456.99,3,2025.05.09,-
690,예비인증,한국부동산원,주거용 이외,국방·군사시설,경기,"경기도 안양시  만안구 박달동  170 -2   , ",24-A-00부대(A013) 수방사 1113단 공병단 본청,국방시설본부,844.80,5,2025.05.09,-
691,예비인증,한국녹색기후기술원,주거용 이외,제1종 근린생활시설,전북,"전북특별자치도 정읍시 북면 태곡리 610 -4   , , 611-4",농촌신활력플러스 혁신공유센터,정읍시청,870.21,4,2025.05.08,-
692,예비인증,한국녹색기후기술원,주거용 이외,교육연구시설,경남,"경상남도 김해시 신문동  377 , 일원",신문1지구초등학교,경상남도교육청,15977.30,4,2025.05.08,-
693,예비인증,한국녹색기후기술원,주거용 이외,업무시설,경남,"경상남도 사천시 사남면 방지리 677 , ",사천혁신지원센터,사천시청,1733.85,3,2025.05.08,-
694,예비인증,한국환경건축연구원,주거용 이외,노유자시설,전남,"전라남도 순천시 서면 선평리 일반 718, 외 14필지",순천시 북부 복지관,순천시청,2497.52,4,2025.05.08,-
695,예비인증,한국환경건축연구원,주거용 이외,제1종 근린생활시설,전남,"전라남도 영암군 영암읍 서남리 67-3   , 외8필지",영암군 어울림복합센터 건립공사,영암군청,1071.29,4,2025.05.08,-
696,예비인증,한국환경건축연구원,주거용 이외,업무시설,전남,"전라남도 담양군 금성면 석현리, 70-2번지 외 5필지",금성면사무소,담양군청,1675.16,4,2025.05.08,-
697,예비인증,한국녹색기후기술원,주거용 이외,교육연구시설,충남,"충청남도 논산시 부적면 덕평리 40  -8   , 외 4필지",논산시 과학영농 종합분석센터,논산시청,999.87,4,2025.05.08,-
698,예비인증,한국녹색기후기술원,주거용 이외,교육연구시설,충북,충북 제천시 단양로10길 160,제천산업고 그린스마트스쿨 조성공사,충청북도제천교육지원청,9967.36,4,2025.05.08,-
699,예비인증,한국환경건축연구원,주거용 이외,운수시설,대전,"대전광역시 동구 삼정동  36  , ",대전도시철도 1호선 식장산역 ,대전광역시청,906.19,5,2025.05.08,-
700,예비인증,한국생산성본부인증원,주거용 이외,운동시설,충북,"충청북도 괴산군 괴산읍 서부리 658 , 외 2필지",괴산 씨름전용훈련장,괴산군청,1027.87,1,2025.05.07,-
701,예비인증,한국교육녹색환경연구원,주거용 이외,교육연구시설,인천,"인천광역시 미추홀구 학익동  587-438, 일원",(가칭)용현학익유치원,인천광역시교육청,5668.93,4,2025.05.07,-
702,예비인증,한국건설생활환경시험연구원,주거용 이외,국방·군사시설,충남,"충청남도 서산시 고북면 신정리 742-2, 외 7필지",20비 항공SW지원소 시뮬레이터 연구개발동,국방시설본부,2015.94,5,2025.05.02,-
703,예비인증,한국녹색기후기술원,주거용,공동주택,대전,"대전광역시 대덕구 송촌동  일반 560 -1   , ,560-7 번지","송촌동 560-1,7번지 도시형 생활주택(아파트형 주택) 신축공사",도영개발주식회사,4582.1372,5,2025.05.01,-
704,예비인증,한국녹색기후기술원,주거용,공동주택,대전,"대전광역시 서구 갈마동  일반 388 -1   , ,388-26번지","갈마동 388-1,26번지 도시형 생활주택(아파트형 주택) 신축공사",주식회사 성무개발,4104.8749,5,2025.05.01,-
705,본인증,한국녹색기후기술원,주거용 이외,노유자시설,경기,경기 광명시 금하로527번길 33,시립소하어린이집,광명시청,499.47,+,2025.04.30,-
706,예비인증,한국건설생활환경시험연구원,주거용 이외,교육연구시설,전북,전북특별자치도 전주시 덕진구 모래내6길 14,전주여고 다목적복합건물,전주교육지원청,2727.73,5,2025.04.30,-
707,예비인증,한국환경건축연구원,주거용 이외,제2종 근린생활시설,경남,"경상남도 거창군 남상면 월평리 일반 2271, 외 17필지",거창 유기농복합단지 조성사업,거창군청,3928.31,4,2025.04.30,-
708,예비인증,한국생산성본부인증원,주거용 이외,제1종 근린생활시설,경남,경남 산청군 단성면 사직단로 456-4,단성문화복합센터(증축),한국농어촌공사진주산청지사,1490.71,5,2025.04.30,-
709,예비인증,한국환경건축연구원,주거용 이외,교육연구시설,경북,"경상북도 예천군 호명읍 산합리 일반 384 -2   , 일원",(가칭)호명중학교,경상북도예천교육지원청,16426.42,4,2025.04.30,-
710,예비인증,한국녹색기후기술원,주거용 이외,교육연구시설,경기,"경기도 용인시  처인구 포곡읍 유운리 일반 231 -1   , ",용인종합환경교육센터,용인시청,2702.22,+,2025.04.30,-
711,예비인증,한국부동산원,주거용,"임대주택(영구, 국민, 공공)",전북,"전북특별자치도 전주시  덕진구 송천동2가  1504, ",전주 에코-17BL 공공주택,전북개발공사,112930.2462,5,2025.04.30,-
712,예비인증,한국생산성본부인증원,주거용 이외,운동시설,,"강원특별자치도 철원군 갈말읍 군탄리 산 1368-5   , 번지 일원",철원군 다목적 실내체육관,철원군청,2947.45,5,2025.04.29,-
713,예비인증,한국환경건축연구원,주거용 이외,국방·군사시설,세종,"세종특별자치시 세종시 금남면 성강리, 382번지 외 63필지",남세종 동원훈련장 취사식당+안보교육관,국방시설본부,1669.58,5,2025.04.29,-
714,예비인증,한국부동산원,주거용 이외,교육연구시설,부산,부산 사하구 낙동대로302번길 35,사하중학교 그린스마트스쿨 교사개축공사,부산광역시서부교육지원청,8135.61,4,2025.04.29,-
715,예비인증,한국생산성본부인증원,주거용 이외,노유자시설,서울,서울 양천구 오목로 320-1,청목어르신복지센터,양천구청,711.97,5,2025.04.29,-
716,예비인증,한국교육녹색환경연구원,주거용 이외,제1종 근린생활시설,,"서울특별시 중랑구 면목동  496-4, ,496-19",면목동 496-4외1필지 금강빌딩 신축공사,윤용오,4821.71,4,2025.04.29,-
717,예비인증,한국생산성본부인증원,주거용 이외,교육연구시설,강원,강원특별자치도 원주시 지정면 송정로 2-1,원주 유아놀이체험장,강원특별자치도교육청,2946.92,4,2025.04.28,-
718,예비인증,한국환경건축연구원,주거용 이외,교육연구시설,강원,"강원특별자치도 횡성군 횡성읍 묵계리 일반, 133 일원",관제센터,한국도로교통공단,728.36,5,2025.04.28,-
719,예비인증,한국환경건축연구원,주거용 이외,국방·군사시설,강원,"강원특별자치도 철원군 갈말읍 상사리 일반 14  -2   , 외 20필지","(B580) 22여단 포병대  행정시설,병영식당",국방시설본부,2800.77,5,2025.04.28,-
720,예비인증,한국생산성본부인증원,주거용 이외,제1종 근린생활시설,강원,"강원특별자치도 정선군 사북읍 사북리 356 -307 , ",사북행복중계소,정선군청,998.89,4,2025.04.25,-
721,예비인증,한국생산성본부인증원,주거용 이외,업무시설,경북,"경상북도 울진군 울진읍 고성리 산 75  -1   , ",경상북도119산불특수대응단 신축사업,경상북도개발공사,6298.5863,3,2025.04.25,-
722,예비인증,한국교육녹색환경연구원,주거용 이외,노유자시설,경기,"경기도 양주시 덕정동  일반 91  -26  , 외2필지",양주덕정지역주택조합(사회복지시설),양주덕정지역주택조합,1527.50,1,2025.04.25,-
723,예비인증,한국부동산원,주거용 이외,업무시설,경기,"경기도 파주시 동패동  1692, ",운정5동 행정복지센터,파주시청(공공건축과),5521.15,4,2025.04.25,-
724,예비인증,한국녹색기후기술원,주거용 이외,제1종 근린생활시설,강원,"강원특별자치도 고성군 거진읍 거진리 22-1, ",거진 어민마을회관 및 공동작업 대기소,고성군청,684.88,4,2025.04.24,-
725,예비인증,한국교육녹색환경연구원,주거용 이외,묘지 관련 시설,강원,강원특별자치도 원주시 흥업면 복술길 33,원주시 추모공원 봉안당 증축사업,원주시청,912.64,4,2025.04.24,-
726,예비인증,한국녹색기후기술원,주거용 이외,문화 및 집회시설,충남,"충청남도 서천군 서천읍 군사리 일반 1183, ",서천문화예술회관,서천군청,5436.28,4,2025.04.24,-
727,예비인증,한국교육녹색환경연구원,주거용 이외,교육연구시설,인천,인천 서구 청마로 144,인천 당하초등학교 급식실,인천광역시서부교육지원청,1303.69,5,2025.04.24,-
728,예비인증,한국부동산원,주거용 이외,교육연구시설,부산,"부산광역시 수영구 망미동  210 -73  , ",부산배화학교 그린스마트스쿨 개축공사,부산해운대교육지원청,15197.61,3,2025.04.24,-
729,예비인증,한국환경건축연구원,주거용 이외,국방·군사시설,강원,"강원특별자치도 철원군 김화읍 학사리 646 , 외 16필지",(B580) 18여단 군수지원대대 행정시설,국방시설본부,1384.56,5,2025.04.23,-
730,예비인증,한국환경건축연구원,주거용 이외,교육연구시설,제주,"제주특별자치도 제주시 이도이동 , 690번지 외 4필지",제주 영지학교 교실 증축공사,제주특별자치도교육청,5247.12,4,2025.04.23,-
731,예비인증,한국환경건축연구원,주거용 이외,문화 및 집회시설,충남,충남 보령시 오천면 원산도3길 116-64,충청남도 섬 문화예술 플랫폼 건립사업,충청남도건설본부,3988.98,4,2025.04.23,-
732,예비인증,한국환경건축연구원,주거용 이외,제1종 근린생활시설,대구,"대구광역시 군위군 우보면 이화리 1193-2   , 일원",우보면 행정복지센터,군위군청,998.51,5,2025.04.23,-
733,예비인증,한국생산성본부인증원,주거용 이외,관광 휴게시설,경남,"경상남도 창녕군 대합면 대동리, 7번지 일원",중부내륙고속도로 44k 대합복합휴게시설 개발 민자유치,디에이치플러스주식회사,5461.15,3,2025.04.22,-
734,예비인증,한국생산성본부인증원,주거용 이외,교육연구시설,경북,경북 의성군 봉양면 봉호로 14,경북소프트웨어마이스터고등학교 동아리 실습동 증축 공사,경상북도교육청,790.67,4,2025.04.22,-
735,예비인증,한국교육녹색환경연구원,주거용 이외,교육연구시설,전남,전남 장흥군 장흥읍 못골길 1,장흥향원중 그린스마트스쿨 ,전라남도교육청,4042.91,4,2025.04.22,-
736,예비인증,한국환경건축연구원,주거용 이외,교육연구시설,경남,경남 양산시 물금읍 금오로 20,양산부산대학교병원 스마트 진료지원교육물류센터 건립,양산부산대학교병원,23544.68,4,2025.04.21,-
737,예비인증,한국건설생활환경시험연구원,주거용 이외,문화 및 집회시설,충남,"충청남도 공주시 석장리동  123 , 외 12필지",구석기교육원건립사업설계용역,공주시청,875.67,4,2025.04.18,-
738,예비인증,한국건설생활환경시험연구원,주거용 이외,공장,충북,"충청북도 보은군 삼승면 우진리 678-5, ",보은군 공공임대형 지식산업센터 건립사업,보은군청,3349.74,5,2025.04.18,-
739,예비인증,한국녹색기후기술원,주거용 이외,교육연구시설,부산,"부산광역시 강서구 명지동  3636, 일원",(가칭)명지3중학교,부산광역시교육청,13881.42,4,2025.04.18,-
740,예비인증,한국부동산원,주거용 이외,동물 및 식물 관련 시설,강원,"강원특별자치도 춘천시 동산면 조양리 1471, 외 1필지",곤충스마트팩토리팜,강원특별자치도,2085.84,2,2025.04.17,-
741,예비인증,한국환경건축연구원,주거용 이외,관광 휴게시설,경남,"경상남도 창원시  진해구 장천동  산 1   -300 , 일원",진해만 자연휴양림 산림휴양관,창원시청(산림휴양과),895.29,4,2025.04.17,-
742,예비인증,한국녹색기후기술원,주거용 이외,제1종 근린생활시설,경북,"대구광역시 군위군 산성면 화본리 일반 868 -2   , 번지 외 2필지",산성면 행정복지센터 건립사업 실시설계,군위군청,1180.08,4,2025.04.17,-
743,예비인증,한국녹색기후기술원,주거용 이외,교육연구시설,강원,"강원특별자치도 춘천시 신북읍 율문리 310 -1   , 외 7필지",춘성중학교 강원형 학교시설 개축공사,강원특별자치도춘천교육지원청,2512.83,4,2025.04.16,-
744,예비인증,한국부동산원,주거용 이외,교육연구시설,충북,충북 음성군 금왕읍 무극로 393-1,충북반도체고 실습동,음성교육지원청,2141.18,4,2025.04.16,-
745,예비인증,한국녹색기후기술원,주거용 이외,위락시설,부산,"부산광역시 기장군 기장읍 시랑리 산  46 , 외 338필지",오시리아 스포츠파크 위락시설,오시리아테마파크피에프브이 주식회사,4995.76,5,2025.04.16,-
746,예비인증,한국교육녹색환경연구원,주거용 이외,교육연구시설,전북,"전북특별자치도 전주시  덕진구 만성동  1341-1   , ",전북시청자미디어센터,전북특별자치도,6093.90,4,2025.04.15,-
747,예비인증,한국녹색기후기술원,주거용 이외,수련시설,강원,"강원특별자치도 홍천군 홍천읍 희망리 일반 35  , ",청소년 문화공간 건립사업,홍천군청,1532.68,4,2025.04.15,-
748,예비인증,한국환경건축연구원,주거용 이외,제1종 근린생활시설,경남,경남 통영시 도남로 257,통영소방서 도남119안전센터,경상남도청,959.03,5,2025.04.15,-
749,예비인증,한국환경건축연구원,주거용 이외,제1종 근린생활시설,경남,"경상남도 합천군 삼가면 소오리 376 -1   , 외 1필지",합천소방서 삼가119안전센터,경상남도청,972.83,5,2025.04.15,-
750,예비인증,한국환경건축연구원,주거용 이외,제1종 근린생활시설,전남,"전라남도 강진군 군동면 라천리 268 , ",군동면 기초생활거점 조성사업(복합문화센터),강진군청 농어촌개발과,1704.17,3,2025.04.15,-
751,예비인증,한국부동산원,주거용 이외,국방·군사시설,충북,"충청북도 충주시 금가면 유송리 일반 170 -5   , 외 6필지",23-D-00부대(B646) 군수사 86창 2방탄대 천궁유도탄 정비고 신축,국방시설본부,1399.17,5,2025.04.15,-
752,예비인증,한국부동산원,주거용 이외,제1종 근린생활시설,인천,"인천광역시 미추홀구 도화동  80  -94  , 80-128",제물포 담소,인천도시공사,612.58,5,2025.04.15,-
753,예비인증,한국녹색기후기술원,주거용,공동주택,전북,"전북특별자치도 임실군 오수면 오수리 일반 351 -1   , ",임실 오수 민간참여 공공주택 건설사업,전북개발공사,10426.6684,5,2025.04.15,-
754,예비인증,한국환경건축연구원,주거용 이외,교육연구시설,강원,강원특별자치도 속초시 번영로 82,속초교육문화관,강원특별자치도교육청,3296.14,4,2025.04.14,-
755,예비인증,한국생산성본부인증원,주거용 이외,업무시설,전남,전남 목포시 상리로15번길 8,목포시 상동 행정복지센터,목포시,1514.47,4,2025.04.14,-
756,예비인증,한국건설생활환경시험연구원,주거용 이외,교육연구시설,충남,"충청남도 아산시 신창면 남성리, 851번지",서부권 공공도서관 조성사업,아산시청,3699.48,4,2025.04.14,2025.06.20
757,예비인증,한국교육녹색환경연구원,주거용 이외,업무시설,경기,"경기도 성남시  분당구 야탑동  산 157 -3   , 외 2필지(628, 630)","경찰청 6,8기동대",경기도남부경찰청,4990.31,4,2025.04.11,-
758,예비인증,한국녹색기후기술원,주거용 이외,제1종 근린생활시설,강원,"강원특별자치도 인제군 북면 원통리 일반 731 -10  , ",원통웰컴센터,인제군청,4556.6,4,2025.04.10,-
759,예비인증,한국환경건축연구원,주거용 이외,업무시설,충북,"충청북도 청주시  상당구 방서동  일반, 971, 972번지",국립공원공단 중부지역본부청사 신축공사,국립공원공단 중부지역본부,"2,962.13",4,2025.04.10,-
760,예비인증,한국녹색기후기술원,주거용 이외,교육연구시설,경기,경기 포천시 군내면 솔밭길 12-1,청성초 체육관 증축공사 설계용역,경기도포천교육지원청,802.22,5,2025.04.10,-
761,예비인증,한국환경건축연구원,주거용,공동주택,경북,"경상북도 울진군 죽변면 후정리 일반 19  -6   , 28, 19-3번지",한전KPS 한울권역 사택 신축공사,한전KPS(주),"4,069.08",5,2025.04.10,-
762,예비인증,한국건설생활환경시험연구원,주거용 이외,묘지 관련 시설,충남,"충청남도 아산시 송악면 거산리 산 56-21, 외 5필지",아산시 공설 장사시설,아산시청,"4,940.48",3,2025.04.09,-
763,예비인증,한국환경건축연구원,주거용 이외,국방·군사시설,경기,"경기도 성남시  수정구 고등동  일반, 일원",23-D-00부대 00고,국방시설본부,4646.88,3,2025.04.09,-
764,예비인증,한국건설생활환경시험연구원,주거용 이외,제1종 근린생활시설,대구,"대구광역시 서구 평리동  713-1, 외 5필지",정다운 평리들마을 주민커뮤니티센터,대구광역시 서구청,992.72,5,2025.04.09,-
765,예비인증,한국부동산원,주거용 이외,교육연구시설,부산,경남 양산시 물금읍 부산대학로 49,부산대학교 시설개선 임대형 민자사업(BTL),부산미래창조(주),10092.02,4,2025.04.09,-
766,예비인증,한국교육녹색환경연구원,주거용 이외,교육연구시설,서울,"서울특별시 관악구 신림동  일반 544 , ",관악문화플라자 및 공공주택 복합화사업(비주거),서울주택도시공사,38862.01,5,2025.04.09,-
767,예비인증,한국환경건축연구원,주거용,공동주택,강원,"강원특별자치도 평창군 용평면 장평리 일반 317 -2   , ",평창장평 고령자복지주택 건설공사,한국토지주택공사,5300.46,5,2025.04.09,-
768,예비인증,한국생산성본부인증원,주거용,공동주택,서울,"서울특별시 송파구 가락동  일반 38  -5   , ",가락동 38-5 도시형생활주택(소형아파트) 신축공사,(주)제이엘종합개발,3423.41,5,2025.04.09,-
769,예비인증,한국교육녹색환경연구원,주거용,공동주택,서울,"서울특별시 관악구 신림동  일반, 544번지",관악문화플라자 및 공공주택 복합화 사업,서울주택도시공사,38862.01,5,2025.04.09,-
770,예비인증,한국생산성본부인증원,주거용 이외,제1종 근린생활시설,전북,"전북특별자치도 진안군 진안읍 군상리 246 -1   , ",진안군 보훈회관,진안군청,798.09,5,2025.04.07,-
771,예비인증,한국환경건축연구원,주거용 이외,교육연구시설,제주,제주특별자치도 제주시 신산로15길 35,인화초 급식실 개축공사,제주시교육지원청,962.282,5,2025.04.04,-
772,예비인증,한국부동산원,주거용 이외,운동시설,제주,제주특별자치도 서귀포시 중산간서로 95,서귀포시 종합체육관,서귀포시청,8958.47,4,2025.04.04,-
773,예비인증,한국교육녹색환경연구원,주거용 이외,교육연구시설,충북,충북 제천시 칠성로 105,제천고 그린스마트스쿨 조성공사(주2동),충청북도제천교육지원청,8385.46,4,2025.04.04,-
774,예비인증,한국생산성본부인증원,주거용 이외,제1종 근린생활시설,전북,"전북특별자치도 김제시 진봉면 고사리 일반 3717, 외 1필지",진봉면 행정복지센터,김제시청,1457.92,4,2025.04.03,-
775,예비인증,한국부동산원,주거용 이외,업무시설,경남,"경상남도 합천군 대양면  일반, 배미동길 33-56",합천 - 창녕간 합천지사 신축 설계용역,한국도로공사,5977.64,4,2025.04.03,-
776,예비인증,한국교육녹색환경연구원,주거용 이외,업무시설,전남,"전라남도 영암군 덕진면 노송리 일반 1091-8   , 외 25필지",강진-광주간 영암지사,한국도로공사,4265.34,4,2025.04.03,-
777,예비인증,한국건설생활환경시험연구원,주거용 이외,국방·군사시설,충남,"충청남도 계룡시 신도안면 남선리 일반 303 , ",계룡대 근무지원단 어린이집 신축,국방시설본부,2819.41,5,2025.04.03,-
778,예비인증,한국생산성본부인증원,주거용 이외,제1종 근린생활시설,충남,"충청남도 청양군 화성면 산정리 일반 176 , ",청양군 화성면 기초생활거점조성사업,청양군,726.00,4,2025.04.03,-
779,예비인증,한국녹색기후기술원,주거용 이외,제1종 근린생활시설,경남,"경상남도 하동군 화개면 탑리 일반 631 , 외 3필지",하동소방서 화개119안전센터,경상남도청,996.71,5,2025.04.02,-
780,예비인증,한국녹색기후기술원,주거용 이외,업무시설,경남,"경상남도 밀양시 무안면 무안리 일반 812 -9   , 외 7필지",무안면 다기능 복합센터,밀양시청,"2,092.21",4,2025.04.01,-
781,예비인증,한국생산성본부인증원,주거용 이외,문화 및 집회시설,경북,"경상북도 상주시 사벌국면 삼덕리 일반 361 , 외 18필지",상주박물관 수장고,상주박물관,4260.41,3,2025.04.01,-
782,예비인증,한국녹색기후기술원,주거용 이외,교육연구시설,전북,"전북특별자치도 완주군 봉동읍 제내리 일반 1249, 장구리 622",대용량 LiB-UPS 시스템 단위 안전성 평가센터,한국전기안전공사,762.17,+,2025.03.31,-
783,예비인증,한국생산성본부인증원,주거용 이외,제1종 근린생활시설,강원,"강원특별자치도 삼척시 성남동  일반 30  -2   , 삼척동해사무소",농산물품질관리원 삼척동해사무소,국립농산물품질관리원 강원지원,738.79,4,2025.03.31,-
784,예비인증,한국교육녹색환경연구원,주거용 이외,업무시설,전남,"전라남도 무안군 현경면 양학리 일반 103 , 번지일원",무안군 첨단농업복합단지(5개동),무안군청,"8,287.00",4,2025.03.31,-
785,예비인증,한국녹색기후기술원,주거용 이외,교육연구시설,경남,"경상남도 거제시 장평동  일반, 127번지",(가칭)장평고등학교,경상남도교육청,15564.72,4,2025.03.28,-
786,예비인증,한국부동산원,주거용 이외,교육연구시설,경기,"경기도 포천시 신북면 기지리 일반 647 -1   , 외 2필지(산71-1, 산71-3)",포천시 농업기술센터 농업인 종합교육관 건립공사,포천시농업기술센터,2155.77,4,2025.03.28,-
787,예비인증,한국환경건축연구원,주거용 이외,교육연구시설,강원,"강원특별자치도 속초시 조양동  일반, 891번지 일원",속초중학교 이전 설계용역 신축공사,속초양양교육지원청,8466.72,4,2025.03.27,-
788,예비인증,한국녹색기후기술원,주거용 이외,제2종 근린생활시설,강원,"강원특별자치도 인제군 인제읍 남북리 산, 45번지 외 4필지",인제형 스마트 워케이션센터 조성사업,인제군청,"3,665.27",4,2025.03.27,-
789,예비인증,한국부동산원,주거용 이외,운수시설,경북,"경상북도 울릉군 울릉읍 사동리 산 144 -2   , (울릉공항 건설부지 내)",울릉공항 Landside 건설공사,한국공항공사,6836.29,+,2025.03.27,-
790,예비인증,한국생산성본부인증원,주거용 이외,제1종 근린생활시설,충남,"충청남도 태안군 소원면 모항리 일반 1323-237 , 외 4필지",만리포 워케이션 센터,태안군청,690.75,5,2025.03.27,2025.07.15
791,예비인증,한국환경건축연구원,주거용 이외,운수시설,울산,울산 북구 산업로 1103,울산공항 장비고 및 관리동,한국공항공사 울산공항,"2,791.4",3,2025.03.27,-
792,예비인증,한국녹색기후기술원,주거용 이외,제1종 근린생활시설,대구,"대구광역시 수성구 노변동  일반 19  -4   , 외 4필지",노변동 19-4 근린생활시설 신축공사,(주)고려엠텍,7490.49,5,2025.03.27,-
793,예비인증,한국환경건축연구원,주거용 이외,교육연구시설,경북,경북 칠곡군 왜관읍 군청3길 13,경상북도교육청 칠곡도서관 신축공사,경상북도칠곡교육지원청,3228.7913,4,2025.03.25,-
794,예비인증,한국부동산원,주거용 이외,국방·군사시설,경북,경북 경산시 원효로36길 58,소라아파트 철거 후 증축,국방시설본부,2406.88,4,2025.03.24,-
795,예비인증,한국환경건축연구원,주거용 이외,문화 및 집회시설,경남,"경상남도 밀양시 부북면 가산리 일반, 82번지 외 2필지",밀양연극교육체험관,밀양시청,2970.66,4,2025.03.21,-
796,예비인증,한국녹색기후기술원,주거용 이외,교육연구시설,전남,전남 강진군 강진읍 중앙로 205,강진중 그린스마트스쿨,전라남도교육청,"3,317.40",2,2025.03.20,-
797,예비인증,한국녹색기후기술원,주거용 이외,제1종 근린생활시설,충남,충남 천안시 서북구 입장면 하장4길 37,다가치행복센터 ,한국농어촌공사 천안지사,812.88,5,2025.03.20,-
798,예비인증,한국환경건축연구원,주거용 이외,국방·군사시설,경남,"경상남도 창원시  진해구 경화동  일반, 980번지 외 50필지",교육사 기초군사교육단 신교대대 생활관,국방시설본부,"5,504.30",4,2025.03.19,-
799,예비인증,한국교육녹색환경연구원,주거용 이외,공장,전남,"전라남도 화순군 화순읍 내평리 일반, 735",바이오헬스 융복합 지식산업센터,화순군청,10518.38,4,2025.03.19,-
800,예비인증,한국부동산원,주거용 이외,교육연구시설,충북,"충청북도 청주시  일반, 흥덕구 오송읍 봉산리 1323",수소가스안전 허브센터,한국가스안전공사,5357.98,4,2025.03.19,-
801,예비인증,한국건설생활환경시험연구원,주거용 이외,제1종 근린생활시설,경북,"경상북도 김천시 신음동  일반 200 -22  , 외 3필지",김천시 농촌신활력플러스사업 웰라이프 파밍필드	,한국농어촌공사 경북지역본부,976.13,5,2025.03.18,2025.08.08
802,예비인증,한국녹색기후기술원,주거용 이외,교육연구시설,전남,전남 화순군 화순읍 동헌길 9-7,화순초 그린스마트스쿨,전라남도교육청,"3,388.50",1,2025.03.18,-
803,예비인증,한국환경건축연구원,주거용 이외,국방·군사시설,경기,"경기도 파주시 문산읍 이천리 일반 522 -1   , 일대",1사단 전차대대 병영생활관,국방시설본부,2140.04,4,2025.03.18,-
804,예비인증,한국환경건축연구원,주거용 이외,업무시설,경남,"경상남도 하동군 진교면 진교리 일반 426 -42  , 경상남도 하동군 진교면 진교리 426-42",하동군 진교면청사,하동군청,"1,484.41",4,2025.03.17,-
805,예비인증,한국교육녹색환경연구원,주거용 이외,제2종 근린생활시설,경북,"경상북도 경산시 와촌면 대한리 553 -2   , ",팔공산국립공원 경산 영천분소,국립공원공단 동부지역본부,332.28,5,2025.03.17,-
806,예비인증,한국환경건축연구원,주거용 이외,교육연구시설,충북,"충청북도 보은군 마로면 기대리 일반 271 -3   , 번지외 6",보은한우 유전자 클라우드 연구센터,보은군청,"1,174.40",4,2025.03.17,-
807,예비인증,한국환경건축연구원,주거용 이외,제1종 근린생활시설,경기,경기 성남시 분당구 야탑로 76,분당경찰서 야탑지구대,경기도남부경찰청,525.26,5,2025.03.17,-
808,예비인증,한국환경건축연구원,주거용 이외,국방·군사시설,인천,인천 중구 축항대로2번길 26,인방사 도서파견대 지원시설 신축공사 설계용역,국방시설본부,2676.38,5,2025.03.14,-
809,예비인증,한국환경건축연구원,주거용 이외,제1종 근린생활시설,충남,충남 서산시 번화3길 6-2,동문동 도시재생 뉴딜사업 (문화교류플랫폼) 신축공사,서산시청,1254.41,4,2025.03.13,-
810,예비인증,한국녹색기후기술원,주거용 이외,국방·군사시설,경기,"경기도 광명시 가학동  일반 1053-1   , 외 25필지",취사식당 신축공사 (10방),국방시설본부,583.69,5,2025.03.13,-
811,예비인증,한국녹색기후기술원,주거용 이외,판매시설,경기,"경기도 파주시 와동동  일반 1415, ",로컬푸드 복합센터,파주시청(공공건축과),1955.46,4,2025.03.10,-
812,예비인증,한국건설생활환경시험연구원,주거용 이외,국방·군사시설,강원,"강원특별자치도 철원군 동송읍 오지리 산 92  -1   , , 이평리 80-6번지",22-국-00부대 설계용역 (B541)  철원 121공병대대 병영생활관,국방시설본부,"5,485.56",4,2025.03.07,-
813,예비인증,한국녹색기후기술원,주거용 이외,제1종 근린생활시설,경기,"경기도 오산시 부산동  일반 792 , ",부산동 생활문화센터,오산시청,959.92,4,2025.03.07,-
814,예비인증,한국교육녹색환경연구원,주거용 이외,교육연구시설,전북,전북특별자치도 전주시 덕진구 번영로 230-14,(가칭)전주보름 특수학교 신축 설계용역,전북특별자치도교육청,"11,085.71",4,2025.03.06,-
815,예비인증,한국교육녹색환경연구원,주거용 이외,제1종 근린생활시설,강원,"강원특별자치도 평창군 봉평면 창동리 396 -3   , ",봉평면 로컬푸드직매장,평창군청,652.93,3,2025.03.06,-
816,예비인증,한국교육녹색환경연구원,주거용 이외,교육연구시설,경북,"경상북도 포항시  북구 두호동  일반 1108, 두호고등학교 운동부 연수실",두호고등학교 운동부 연수실,포항교육지원청,924.93,5,2025.03.06,-
817,예비인증,한국부동산원,주거용 이외,국방·군사시설,인천,인천 강화군 서도면 볼음도길 441-64,볼음도 통합 병영생활관,국방시설본부,2352.36,5,2025.03.06,-
818,예비인증,한국교육녹색환경연구원,주거용 이외,관광 휴게시설,전남,"전라남도 구례군 구례읍 봉서리 일반 181 , 번지일대",섬진강 대숲길 스마트 복합쉼터,구례군청,708.240,5,2025.03.05,-
819,예비인증,한국교육녹색환경연구원,주거용 이외,교육연구시설,충북,충북 제천시 내토로73길 10,충청북도 동물위생시험소 북부지소 청사,충청북도청,608.71,5,2025.03.05,-
820,예비인증,한국교육녹색환경연구원,주거용 이외,교육연구시설,전북,"전북특별자치도 군산시 대야면 접산리 일반 391 -15  , 일원 (391-1, 274-27)",(가칭)군산지음 특수학교 신축 설계용역,전북특별자치도교육청,12090.33,4,2025.02.25,-
821,예비인증,한국녹색기후기술원,주거용 이외,업무시설,전남,전남 화순군 화순읍 자치샘로 29,화순경찰서 민원동,전라남도경찰청,989.82,4,2025.02.25,-
822,예비인증,한국부동산원,주거용 이외,교육연구시설,서울,"서울특별시 강남구 수서동  일반 593 , 번지 일원",수서동 구립공공도서관 건립 설계용역,강남구(문화도시과),8215.34,5,2025.02.25,-
823,예비인증,한국부동산원,주거용 이외,제1종 근린생활시설,인천,"인천광역시 강화군 교동면 고구리 1395, ",교동119지역대 이전 신축사업,인천광역시소방본부,731.43,5,2025.02.18,-
824,예비인증,한국부동산원,주거용 이외,업무시설,서울,"서울특별시 성동구 성수동2가  일반 333 -16  , 외 4필지",성수동 K-PROJECT 복합개발 신축공사,맵스66호,233411.16,5,2025.02.18,-
825,본인증,한국환경건축연구원,주거용 이외,제2종 근린생활시설,경기,경기 고양시 덕양구 향기로 152,에너지엑스 DY빌딩,에너지엑스 주식회사,"3,274.87",+,2025.02.11,-
826,본인증,한국부동산원,주거용,단독주택,인천,인천 연수구 아카데미로 209-88,INNOCHAE GALLERY,포스코,1027.25,+,2025.02.11,-
827,본인증,한국부동산원,주거용,단독주택,인천,인천 연수구 아카데미로 209-80,INNOCHAE GREEN,포스코홀딩스 주식회사,1026.27,+,2025.02.11,-
828,예비인증,한국부동산원,주거용 이외,교육연구시설,전북,"전북특별자치도 군산시 조촌동  일반 2   -111 , ",군산남중 이전 신축사업,전북특별자치도교육청,9502.83,4,2025.02.11,-
